f (N),th1 (rad),w1 (rad/s),th2 (rad),w2 (rad/s),x (m),vx (m/s),a1 (rad/s^2),a2 (rad/s^2),ax (m/s^2)
2.223532571324945,5.365406856476444,-1.0811589820449186,1.9613579989433236,-3.107869086451986,0.0,0.0,7.420844780826202,-18.80426615133734,7.7716819723890564
2.223532571324945,5.354595266655995,-1.0069505342366565,1.9302793080788039,-3.2959117479653592,0.0,0.07771681972389057,7.153060421664339,-18.312033169347874,7.291484481894204
2.223532571324945,5.344525761313628,-0.9354199300200131,1.8973201905991504,-3.479032079658838,0.0007771681972389057,0.1506316645428326,6.840913652888355,-17.74293142312423,6.750200502001829
2.223532571324945,5.335171562013428,-0.8670107934911295,1.862529869802562,-3.6564613938900803,0.0022834848426672317,0.2181336695628509,6.487786789087938,-17.097199009486744,6.1472166387398905
2.223532571324945,5.3265014540785165,-0.8021329256002502,1.8259652558636612,-3.827433383984948,0.00446482153829574,0.2796058359502498,6.099316410490874,-16.378955194024396,5.4843506577211585
2.223532571324945,5.318480124822514,-0.7411397614953414,1.7876909220238117,-3.991222935925192,0.007260879897798238,0.3344493425274614,5.6834550874901595,-15.596390801492308,4.766036166423233
2.223532571324945,5.3110687272075605,-0.6843052106204398,1.7477786926645598,-4.147186843940115,0.010605373323072853,0.3821097041916937,5.25032211206954,-14.761566598620757,3.9992664993311497
2.223532571324945,5.304225675101356,-0.6318019894997444,1.7063068242251587,-4.294802509926322,0.01442647036498979,0.4221023691850052,4.811829829915219,-13.889797936232638,3.193277535246438
2.223532571324945,5.297907655206359,-0.5836836912005923,1.6633587991258953,-4.433700489288649,0.018647494056839842,0.45403514453746957,4.381108250436915,-12.998674211917779,2.3589917915705763
2.223532571324945,5.292070818294353,-0.5398726086962231,1.619021794233009,-4.563687231407826,0.02318784550221454,0.4776250624531753,3.9717873281231366,-12.106830533972145,1.5082893684056107
2.223532571324945,5.28667209220739,-0.5001547354149918,1.5733849219189306,-4.684755536747548,0.027964096126746295,0.49270795613723145,3.597223858478099,-11.232636776858177,0.653203279418887
2.223532571324945,5.281670544853241,-0.4641824968302108,1.5265373665514552,-4.79708190451613,0.03289117568811861,0.4992399889314203,3.2697703290035602,-10.392981580592268,-0.1948518676652912
2.223532571324945,5.277028719884939,-0.4314847935401752,1.478566547506294,-4.901011720322052,0.03788357557743281,0.4972914702547674,3.000173302345151,-9.602302411697806,-1.0257209169199475
2.223532571324945,5.272713871949537,-0.4014830605167237,1.4295564303030734,-4.997034744439031,0.04285649027998049,0.4870342610855679,2.797162165037389,-8.871956635841904,-1.8309529904840407
2.223532571324945,5.2686990413443695,-0.37351143886634985,1.3795860828586832,-5.08575431079745,0.047726832890836166,0.4687247311807275,2.6672533317889777,-8.209960071756461,-2.6040241957866495
2.223532571324945,5.264963926955706,-0.3468389055484601,1.3287285397507087,-5.167853911515015,0.05241408020264344,0.442684489222861,2.6147598152782168,-7.621057319843035,-3.3403503186102257
2.223532571324945,5.261495537900221,-0.3206913073956779,1.2770500006355585,-5.244064484713445,0.05684092509487205,0.4092809860367588,2.641969211033978,-7.107045560901735,-4.037129174160177
2.223532571324945,5.258288624826265,-0.29427161528533813,1.2246093557884241,-5.315134940322462,0.060933734955239634,0.368909694295157,2.7494384886415464,-6.6672553010378035,-4.6930658275018855
2.223532571324945,5.255345908673411,-0.26677723039892265,1.1714580063851996,-5.381807493332841,0.06462283189819121,0.32197903602013817,2.9363513414989773,-6.299094805081113,-5.3080344186262405
2.223532571324945,5.252678136369422,-0.23741371698393288,1.1176399314518712,-5.444798441383652,0.06784262225839259,0.26889869183387577,3.2008902154051886,-5.998582354909224,-5.882721720416167
2.223532571324945,5.250303999199582,-0.205404814829881,1.0631919470380347,-5.504784264932744,0.07053160917673135,0.2100714746297141,3.5405864080252183,-5.760813773648823,-6.418284494294518
2.223532571324945,5.2482499510512834,-0.1699989507496288,1.0081441043887072,-5.562392402669232,0.07263232392302849,0.1458886296867689,3.952624051700719,-5.580335314083053,-6.916039111597104
2.223532571324945,5.246549961543787,-0.13047271023262164,0.9525201803620148,-5.618195755810063,0.07409121021989618,0.07672823857079787,4.434084725337086,-5.451410120136906,-7.377190262125332
2.223532571324945,5.245245234441461,-0.08613186297925077,0.8963382228039142,-5.672709857011432,0.07485849260560415,0.0029563359495445585,4.982127507840162,-5.36817860568911,-7.802596935542739
2.223532571324945,5.244383915811668,-0.036310587900849144,0.8396111242337998,-5.726391643068323,0.07488805596509959,-0.07506963340588282,5.59410410691354,-5.3247195316943206,-8.192568267761454
2.223532571324945,5.2440208099326595,0.01963045316828626,0.7823472078031166,-5.7796388383852655,0.07413735963104076,-0.15699531608349737,6.267610501260213,-5.315020445704992,-8.546678771698987
2.223532571324945,5.244217114464343,0.08230655818088839,0.7245508194192639,-5.8327890428423155,0.07256740647020579,-0.24246210380048724,7.000475798360544,-5.332864860909754,-8.86359123616722
2.223532571324945,5.245040180046152,0.15231131616449384,0.6662229289908408,-5.886117691451413,0.07014278543220091,-0.33109801616215945,7.790686211019206,-5.37164036789125,-9.140875588613591
2.223532571324945,5.246563293207797,0.23021817827468588,0.6073617520763267,-5.939834095130325,0.06683180527057932,-0.42250677204829534,8.63623754018152,-5.4240678494563825,-9.374812925320231
2.223532571324945,5.248865474990543,0.31658055367650106,0.5479634111250234,-5.994074773624889,0.06260673755009637,-0.5162549013014976,9.534903502841527,-5.481848022305039,-9.560175685059242
2.223532571324945,5.252031280527309,0.41192958870491636,0.48802266338877454,-6.04889325384794,0.057444188537081387,-0.6118566581520901,10.483899731973366,-5.5352186303732696,-9.689977940899178
2.223532571324945,5.256150576414358,0.51676858602465,0.4275337308502951,-6.104245440151672,0.05132562195556049,-0.7087564375610819,11.479414388587466,-5.57241510059702,-9.755194871328705
2.223532571324945,5.261318262274604,0.6315627299105246,0.3664912764487784,-6.159969591157642,0.04423805757994967,-0.806308386274369,12.515966423973303,-5.579031481448287,-9.744459175641706
2.223532571324945,5.267633889573709,0.7567223941502577,0.30489158053720194,-6.215759905972125,0.03617497371720598,-0.903752978030786,13.585542700278692,-5.5372905481437105,-9.643756951535996
2.223532571324945,5.2752011135152115,0.8925778211530446,0.2427339814774807,-6.271132811453562,0.02713744393689812,-1.000190547546146,14.676458034651091,-5.425257730754276,-9.436169938243617
2.223532571324945,5.284126891726742,1.0393424014995556,0.1800226533629451,-6.325385388761105,0.01713553846143666,-1.094552246928582,15.771883259989085,-5.2160814933576365,-9.101749861334634
2.223532571324945,5.294520315741737,1.1970612340994464,0.11676879947533404,-6.377546203694681,0.006190015992150839,-1.1855697455419283,16.84800603134862,-4.877424404960054,-8.617669385326444
2.223532571324945,5.306490928082732,1.3655412944129326,0.05299333743838723,-6.426320447744282,-0.005665681463268445,-1.2717464393951927,17.871845570167576,-4.371376826237648,-7.958876825120606
2.223532571324945,5.320146341026861,1.5442597501146085,-0.011269867039055595,-6.470034216006659,-0.018383145857220375,-1.3513352076463987,18.798864628087216,-3.655325115385559,-7.099584827680959
2.223532571324945,5.335588938528008,1.7322483963954807,-0.07597020919912219,-6.506587467160514,-0.03189649793368436,-1.4223310559232083,19.570748999931443,-2.684460589276376,-6.016023413549324
2.223532571324945,5.352911422491963,1.9279558863947952,-0.14103608387072733,-6.533432073053278,-0.04611980849291644,-1.4824912900587015,20.114096776586933,-1.416786482654009,-4.690920202835389
2.223532571324945,5.372190981355911,2.1290968541606645,-0.2063704046012601,-6.547599937879818,-0.06094472139350346,-1.5294004920870554,20.341282764085648,0.17858323233071266,-3.120001141751228
2.223532571324945,5.3934819498975175,2.332509681801521,-0.27184640398005827,-6.545814105556511,-0.07623872631437402,-1.5606005035045678,20.155335145409598,2.109684154116734,-1.3202197523954535
2.223532571324945,5.416807046715533,2.534063033255617,-0.33730454503562335,-6.524717264015344,-0.0918447313494197,-1.5738027010285223,19.460946448076733,4.3480314054467355,0.6617981332546101
2.223532571324945,5.442147677048089,2.7286724977363845,-0.4025517176757768,-6.481236949960876,-0.10758275835970492,-1.567184719695976,18.183070431925636,6.817343772055195,2.744422632686348
2.223532571324945,5.469434402025453,2.910503202055641,-0.4673640871753856,-6.413063512240324,-0.12325460555666468,-1.5397404933691126,16.29207175342964,9.391974334615226,4.813736484196491
2.223532571324945,5.498539434046009,3.0734239195899375,-0.5314947222977888,-6.319143768894172,-0.1386520104903558,-1.4916031285271476,13.829790017394677,11.912630628603942,6.738711345903023
2.223532571324945,5.529273673241908,3.211721819763884,-0.5946861599867306,-6.200017462608132,-0.15356804177562727,-1.4242160150681173,10.925754794037863,14.220730955445251,8.398428458238433
2.223532571324945,5.561390891439547,3.320979367704263,-0.6566863346128119,-6.05781015305368,-0.16781020192630844,-1.340231730485733,7.7913396771087315,16.199934071853995,9.712352481510347
2.223532571324945,5.59460068511659,3.39889276447535,-0.7172644361433487,-5.89581081233514,-0.18121251923116577,-1.2431082056706295,4.686240628713258,17.80282113222228,10.658415226833654
2.223532571324945,5.628589612761344,3.445755170762483,-0.7762225442667001,-5.7177826010129165,-0.19364360128787206,-1.136524053402293,1.8652917975633787,19.04575610436176,11.267916229549582
2.223532571324945,5.663047164468969,3.4644080887381166,-0.8334003702768293,-5.527325039969299,-0.205008841821895,-1.023844891106797,-0.4745460120559472,19.976745890509978,11.600902096118318
2.223532571324945,5.69769124535635,3.459662628617557,-0.8886736206765223,-5.327557581064199,-0.21524729073296298,-0.9078358701456138,-2.2268331536136596,20.64049508531199,11.718320178988366
2.223532571324945,5.732287871642526,3.43739429708142,-0.9419491964871644,-5.121152630211079,-0.22432564943441913,-0.7906526683557302,-3.3791574916615272,21.062470419346994,11.666029730183716
2.223532571324945,5.7666618146133395,3.403602722164805,-0.9931607227892751,-4.910527926017609,-0.23223217611797642,-0.6739923710538931,-3.9927664151259625,21.254452957460746,11.473767281494707
2.223532571324945,5.800697841834988,3.3636750580135453,-1.0422660020494512,-4.697983396443002,-0.23897209982851536,-0.559254698238946,-4.171334964797908,21.228796015063875,11.162146611046984
2.223532571324945,5.834334592415123,3.321961708365566,-1.0892458360138813,-4.485695436292363,-0.2445646468109048,-0.44763323212847617,-4.031320440405539,21.00840320211966,10.749583972784299
2.223532571324945,5.867554209498779,3.281648503961511,-1.1341027903768048,-4.275611404271166,-0.24904097913218956,-0.3401373924006332,-3.6809946392636976,20.628014201376523,10.25543817746171
2.223532571324945,5.9003706945383945,3.244838557568874,-1.1768589044195166,-4.069331262257401,-0.2524423530561959,-0.23758301062601608,-3.209541117146316,20.129455345357584,9.699803221699922
2.223532571324945,5.932819080114083,3.2127431463974108,-1.2175522170420905,-3.868036708803825,-0.254818183162456,-0.14058497840901685,-2.6840908421598106,19.555325965580163,9.101876439790296
2.223532571324945,5.964946511578057,3.185902237975813,-1.2562325841301287,-3.6724834491480234,-0.25622403294654617,-0.049566214011113885,-2.151517993942873,18.944074134507606,8.478412358285636
2.223532571324945,5.996805533957815,3.164387058036384,-1.292957418621609,-3.483042707802947,-0.2567196950866573,0.03521790957174248,-1.6422941949446466,18.32737033735333,7.842881879799653
2.223532571324945,6.028449404538179,3.147964116086938,-1.3277878456996386,-3.2997690044294137,-0.2563675159909399,0.113646728369739,-1.1746771567792027,17.729440079542016,7.205338940068406
2.223532571324945,6.0599290456990484,3.136217344519146,-1.3607855357439327,-3.1224746036339934,-0.2552310487072425,0.18570011777042306,-0.7583813416745121,17.16761982359033,6.572755996151309
2.223532571324945,6.09129121914424,3.128633531102401,-1.3920102817802726,-2.95079840539809,-0.2533740475295383,0.25142767773193614,-0.39744911173852043,16.65347591012327,5.9495795398444615
2.223532571324945,6.122577554455264,3.1246590399850156,-1.4215182658342536,-2.7842636462968575,-0.25085977075221894,0.31092347313038077,-0.09233892130050039,16.19404785214132,5.338331065651592
2.223532571324945,6.153824144855114,3.1237356507720104,-1.449360902297222,-2.6223231677754444,-0.24775053602091512,0.3643067837868967,0.15863413376585017,15.792982231426596,4.740157988995603
2.223532571324945,6.185061501362834,3.125321992109669,-1.4755841339749765,-2.4643933454611786,-0.24410746818304616,0.4117083636768527,0.3583470134744212,15.451463231909903,4.155295753569365
2.223532571324945,6.216314721283931,3.1289054622444135,-1.5002280674295883,-2.3098787131420795,-0.23999038454627764,0.45326132121254636,0.5102665018377304,15.168925034907984,3.5834352427424805
2.223532571324945,6.247603775906375,3.1340081272627907,-1.523326854561009,-2.1581894627929996,-0.23545777133415216,0.4890956736399712,0.6180862242890466,14.943568781448315,3.0240051921896587
2.223532571324945,6.278943857179003,3.140188989505681,-1.544908749188939,-2.0087537749785165,-0.23056681459775244,0.5193357255618678,0.6855224588112835,14.77272008752721,2.4763845172673
2.223532571324945,6.31034574707406,3.147044214093794,-1.5649962869387242,-1.8610265741032443,-0.22537345734213377,0.5440995707345408,0.7162121147951803,14.653064236721322,1.94005932405965
2.223532571324945,6.341816189214998,3.1542063352417458,-1.5836065526797567,-1.714495931736031,-0.21993246163478836,0.5635001639751374,0.7136739488853311,14.580792265423746,1.4147369092187636
2.223532571324945,6.3733582525674155,3.161343074730599,-1.600751511997117,-1.5686880090817936,-0.214297459995037,0.577647533067325,0.6813065497499476,14.551685879548254,0.9004259166093184
2.223532571324945,6.404971683314722,3.1681561402280987,-1.6164383920879348,-1.4231711502863111,-0.20852098466436375,0.5866517922334181,0.6224051180375112,14.56116413237827,0.39748881597377056
2.223532571324945,6.436653244717003,3.1743801914084737,-1.630670103590798,-1.2775595089625285,-0.20265446674202958,0.5906266803931558,0.5401847673986597,14.604310567858588,-0.09332963753490597
2.223532571324945,6.468397046631088,3.1797820390824603,-1.6434456986804233,-1.1315164032839427,-0.19674819993809803,0.5896933840178067,0.43780192488449354,14.675896047366562,-0.5708961623089092
2.223532571324945,6.5001948670219125,3.184160058331305,-1.6547608627132628,-0.984757442810277,-0.19085126609791997,0.5839844223947176,0.3183681271050668,14.770409440738309,-1.0337042739163487
2.223532571324945,6.532036467605225,3.1873437396023556,-1.6646084371413656,-0.8370533484028939,-0.1850114218739728,0.5736473796555541,0.18495259964218289,14.882105419937517,-1.479910931639467
2.223532571324945,6.563909905001249,3.1891932655987776,-1.6729789706253946,-0.6882322942035187,-0.17927494807741726,0.5588482703391594,0.040571804492035464,15.005075443263813,-1.907393955308134
2.223532571324945,6.595801837657237,3.1895989836436978,-1.6798612935674297,-0.5381815397708806,-0.17368646537402566,0.5397743307860781,-0.11183417408156747,15.133344490456404,-2.313828692219447
2.223532571324945,6.627697827493674,3.188480641902882,-1.6852431089651385,-0.38684809486631655,-0.16828872206616488,0.5166360438638836,-0.2694369116038579,15.260992228398468,-2.6967809350481864
2.223532571324945,6.659582633912703,3.1857862727868436,-1.6891115899138016,-0.23423817258233187,-0.16312236162752605,0.48966823451340175,-0.42956360119740034,15.382293296423073,-3.0538113414257793
2.223532571324945,6.691440496640571,3.1814906367748694,-1.6914539716396249,-0.08041523961810113,-0.15822567928239203,0.459130121099144,-0.5897454643903888,15.491867739886183,-3.3825849099872953
2.223532571324945,6.72325540300832,3.1755931821309655,-1.6922581240358059,0.07450343778076071,-0.1536343780714006,0.425304271999271,-0.747765607699352,15.584829848606635,-3.6809777968277237
2.223532571324945,6.7550113348296295,3.168115526053972,-1.6915130896579982,0.23035173626682706,-0.14938133535140788,0.3884944940309938,-0.9017011368323826,15.656922316363334,-3.9471732556757644
2.223532571324945,6.786692490090169,3.1590985146856485,-1.68920957229533,0.3869209594304604,-0.14549639041109794,0.34902276147423617,-1.049954843943751,15.704623101783275,-4.179738989623904
2.223532571324945,6.818283475237025,3.148598966246211,-1.6853403627010253,0.5439671904482931,-0.14200616279635558,0.3072253715779971,-1.1912729361601921,15.725214708022591,-4.377679763185456
2.223532571324945,6.849769464899487,3.136686236884609,-1.6799006907965424,0.7012193375285191,-0.13893390908057562,0.2634485739461426,-1.3247469141577,15.716809509102514,-4.54046157397766
2.223532571324945,6.881136327268333,3.123438767743032,-1.6728884974212572,0.8583874326195442,-0.1362994233411142,0.21804395820636596,-1.4497995765658314,15.67832960515288,-4.668006661328913
2.223532571324945,6.912370714945763,3.1089407719773736,-1.6643046230950618,1.015170728671073,-0.13411898375905054,0.17136389159307683,-1.5661569145158305,15.609444663551812,-4.76066165576618
2.223532571324945,6.943460122665537,3.0932792028322154,-1.654152915808351,1.171265175306591,-0.13240534484311978,0.12375727503541503,-1.6738090916993618,15.510475473832097,-4.81914376561975
2.223532571324945,6.974392914693859,3.0765411119152217,-1.642440264055285,1.3263699300449119,-0.13116777209276562,0.07556583737921753,-1.77296458647471,15.382273875800843,-4.844471678867464
2.223532571324945,7.005158325813012,3.0588114660504746,-1.629176564754836,1.4801926688029203,-0.13041211371897343,0.02712112059054289,-1.8640018322320278,15.226090992490159,-4.837888636850013
2.223532571324945,7.035746440473517,3.0401714477281545,-1.6143746380668067,1.632453578727822,-0.130140902513068,-0.021257765777957238,-1.9474223795300543,15.043445339066697,-4.800784922916014
2.223532571324945,7.066148154950798,3.020697223932854,-1.5980501022795284,1.782888032118489,-0.13035348017084758,-0.06926561500711738,-2.023808858736439,14.836000699140277,-4.734625986301528
2.223532571324945,7.096355127190127,3.0004591353454892,-1.5802212219583436,1.9312480391098918,-0.13104613632091874,-0.11661187487013266,-2.0937900307148833,14.605461142360813,-4.640890875792091
2.223532571324945,7.126359718543582,2.9795212350383404,-1.5609087415672447,2.0773026505335,-0.13221225506962006,-0.16302078362805358,-2.1580141602366614,14.353487718173076,-4.521023900234834
2.223532571324945,7.156154930893965,2.957941093435974,-1.5401357150619097,2.2208375277152306,-0.1338424629059006,-0.2082310226304019,-2.217130981332736,14.081638643346917,-4.376400735010227
2.223532571324945,7.185734341828325,2.935769783622647,-1.5179273397847575,2.3616539141487,-0.1359247731322046,-0.25199502998050416,-2.2717817416726875,13.791332512827973,-4.208308747312151
-9.685509417169406,7.215092039664551,2.91305196620592,-1.4943108006432704,2.4995672392769794,-0.13844472343200964,-0.29407811745362566,-5.745580509345379,14.72927584563723,-8.981374296217467
-9.685509417169406,7.2442225593266105,2.8555961611124663,-1.4693151282505006,2.6468599977333516,-0.1413855046065459,-0.38389186041580037,-5.668425433846782,14.33558836495316,-8.634417341717045
-9.685509417169406,7.272778520937735,2.7989119067739985,-1.442846528273167,2.790215881382883,-0.1452244232107039,-0.4702360338329708,-5.5876419758690945,13.922786000814657,-8.265788628267886
-9.685509417169406,7.300767640005476,2.7430354870153075,-1.4149443694593382,2.9294437413910295,-0.1499267835490336,-0.5528939201156496,-5.504276989415737,13.49244550733462,-7.877388437284036
-9.685509417169406,7.328197994875628,2.68799271712115,-1.3856499320454279,3.064368196464376,-0.1554557227501901,-0.63166780448849,-5.41941607599119,13.046030573486663,-7.470994875695826
-9.685509417169406,7.35507792204684,2.633798556361238,-1.355006250080784,3.1948285021992424,-0.161772400795075,-0.7063777532454483,-5.334203965234316,12.58495806409149,-7.04831081471974
-9.685509417169406,7.381415907610453,2.580456516708895,-1.3230579650587917,3.3206780828401574,-0.16883617832752948,-0.7768608613926457,-5.249860686869774,12.110658836606856,-6.611007300570101
-9.685509417169406,7.407220472777542,2.527957909840197,-1.2898511842303901,3.441784671206226,-0.17660478694145593,-0.8429709343983467,-5.167691674858225,11.62462852326118,-6.160760388101234
-9.685509417169406,7.4325000518759445,2.4762809930916148,-1.255433337518328,3.5580309564388375,-0.1850344962854394,-0.9045785382793591,-5.0890905884251785,11.128465115997466,-5.69927933807801
-9.685509417169406,7.457262861806861,2.425390087207363,-1.2198530279539397,3.6693156075988123,-0.194080281668233,-0.9615713316601392,-5.015534264797824,10.623891551364673,-5.228325048665584
-9.685509417169406,7.481516762678934,2.3752347445593847,-1.1831598718779515,3.775554523112459,-0.20369599498483437,-1.013854582146795,-4.94856982171059,10.112762741372613,-4.7497184418295735
-9.685509417169406,7.505269110124528,2.325749046342279,-1.1454043266468268,3.8766821505261855,-0.21383454080630232,-1.0613517665650907,-4.889794487430272,9.597057613877432,-4.265339278580904
-9.685509417169406,7.528526600587951,2.2768511014679764,-1.106637505141565,3.97265272666496,-0.22444805847195323,-1.1040051593508997,-4.840829230388707,9.078857686162834,-3.7771165145203796
-9.685509417169406,7.551295111602631,2.2284428091640893,-1.0669109778749153,4.063441303526588,-0.23548811006546222,-1.1417763244961034,-4.803287664061373,8.560314466324984,-3.287011808294043
-9.685509417169406,7.573579539694272,2.1804099325234754,-1.0262765648396495,4.149044448189838,-0.24690587331042324,-1.174646442579044,-4.778741990378343,8.043608526961219,-2.796998141258495
-9.685509417169406,7.595383639019507,2.132622512619692,-0.984786120357751,4.2294805334594505,-0.25865233773621366,-1.2026164239916288,-4.768687896870638,7.530903400322996,-2.3090356840968695
-9.685509417169406,7.616709864145704,2.0849356336509857,-0.9424913150231565,4.304789567462681,-0.27067850197612997,-1.2257067808325974,-4.774510329008737,7.024297494687993,-1.8250470533347798
-9.685509417169406,7.637559220482213,2.037190530360898,-0.8994434193485297,4.375032542409561,-0.28293556978445594,-1.2439572513659451,-4.7974519228046955,6.5257770398076245,-1.3468939492194139
-9.685509417169406,7.657931125785822,1.9892160111328512,-0.855693093924434,4.440290312807637,-0.2953751422981154,-1.2574261908581392,-4.838585620470284,6.0371726680026025,-0.8763568815009943
-9.685509417169406,7.6778232858971505,1.9408301549281484,-0.8112901907963577,4.500662039487663,-0.3079494042066968,-1.266189759673149,-4.898792632512478,5.560121678376101,-0.41511930782881024
-9.685509417169406,7.697231587446432,1.8918422286030236,-0.766283570401481,4.556263256271424,-0.3206113018034283,-1.270340952751437,-4.978746490105352,5.096037378234365,0.03524292593247639
-9.685509417169406,7.716150009732463,1.8420547637019702,-0.7207209378387668,4.607223630053768,-0.33331471133094265,-1.2699885234921124,-5.078903492127912,4.64608621527661,0.47326639859511666
-9.685509417169406,7.734570557369483,1.791265728780691,-0.6746487015382291,4.6536844922065335,-0.34601459656586375,-1.2652558595061614,-5.199499430122305,4.211172768683781,0.8975991480034651
-9.685509417169406,7.75248321465729,1.739270734479468,-0.6281118566161638,4.695796219893372,-0.35866715516092534,-1.2562798680261267,-5.340552103366115,3.791932107300299,1.3069942451627472
-9.685509417169406,7.769875922002084,1.6858652134458068,-0.5811538944172301,4.733715540966375,-0.3712299538411866,-1.2432099255744993,-5.501868837562707,3.3887285828741422,1.7002984928679463
-9.685509417169406,7.786734574136543,1.6308465250701796,-0.5338167390075663,4.767602826795116,-0.38366205309693163,-1.2262069406458198,-5.683058005940039,3.0016598224523943,2.076437007654975
-9.685509417169406,7.803043039387244,1.5740159450107791,-0.4861407107396152,4.79761942501964,-0.3959241225033898,-1.20544257056927,-5.8835434221871035,2.6305645169756895,2.434394527877416
-9.685509417169406,7.818783198837352,1.515180510788908,-0.4381645164894188,4.8239250701893965,-0.4079785482090825,-1.1810986252904958,-6.102580423572607,2.2750325604713137,2.7731942954727278
-9.685509417169406,7.833935003945241,1.454154706553182,-0.38992526578752484,4.84667539579411,-0.41978953446198747,-1.1533666823357684,-6.339272476826112,1.934416155153637,3.0918753013190448
-9.685509417169406,7.848476551010773,1.3907619817849208,-0.34145851182958376,4.866019557345646,-0.4313232012853451,-1.122447929322578,-6.592587202887067,1.6078406374555303,3.3894685838975747
-9.685509417169406,7.862384170828622,1.3248361097560502,-0.2927983162561273,4.882097963720201,-0.4425476805785709,-1.0885532434836023,-6.861370812954775,1.294213973946697,3.6649731488941817
-9.685509417169406,7.875632531926183,1.2562224016265024,-0.2439773366189253,4.895040103459668,-0.45343321301340694,-1.0519035119946605,-7.144360062585831,0.9922341029264787,3.917331953038634
-9.685509417169406,7.888194755942448,1.1847788010006441,-0.1950269355843286,4.904962444488933,-0.46395224813335356,-1.0127301924642742,-7.440190951263727,0.7003935412114963,4.1454082865783635
-9.685509417169406,7.900042543952454,1.1103768914880068,-0.14597731113943926,4.911966379901048,-0.4740795500579963,-0.9712761095984905,-7.747403514429715,0.416980926651067,4.347962810747061
-9.685509417169406,7.911146312867333,1.0329028563437097,-0.09685764734042879,4.916136189167559,-0.4837923111539812,-0.9277964814910199,-8.064442170561131,0.14007942221183275,4.523631472819392
-9.685509417169406,7.921475341430771,0.9522584346380984,-0.0476962854487532,4.917536983389677,-0.4930702759688914,-0.882560166762826,-8.389651199472281,-0.13243782957544886,4.670904543756702
-9.685509417169406,7.9309979257771515,0.8683619226433756,0.0014790843851435753,4.916212605093923,-0.5018958776365197,-0.835851121325259,-8.72126504641875,-0.4029147334174332,4.7881071131341875
-9.685509417169406,7.939681545003586,0.7811492721791882,0.05064121043608281,4.912183457759749,-0.5102543888497723,-0.7879700501939171,-9.057393281555607,-0.6739209709606002,4.873381543807194
-9.685509417169406,7.947493037725377,0.6905753393636321,0.0997630450136803,4.905444248050143,-0.5181340893517115,-0.7392362347558451,-9.39600021261841,-0.9482612975203539,4.924672645363813
-9.685509417169406,7.954398791119013,0.5966153372374481,0.14881748749418172,4.89596163507494,-0.5255264516992699,-0.689989508302207,-9.734879372346104,-1.2289838458345177,4.939716681084209
-9.685509417169406,7.9603649444913875,0.499266543513987,0.19777710384493113,4.883671796616595,-0.532426346782292,-0.6405923414913649,-10.07162340838358,-1.5193853676979387,4.9160357862999975
-9.685509417169406,7.965357609926527,0.39855030943015124,0.2466138218110971,4.868477942939615,-0.5388322701972056,-0.5914319836283649,-10.403590324302687,-1.823010736128073,4.850939950518531
-9.685509417169406,7.9693431130208285,0.2945144061871244,0.29529860124049323,4.850247835578334,-0.5447465900334892,-0.5429225841231796,-10.727867591632153,-2.1436433194491644,4.7415393959012375
-9.685509417169406,7.9722882570827,0.18723573027080284,0.3438010795962766,4.828811402383843,-0.5501758158747211,-0.4955071901641672,-11.041236410485668,-2.485282038915491,4.584770948461181
-9.685509417169406,7.974160614385408,0.07682336616594616,0.392089193620115,4.803958581994688,-0.5551308877763628,-0.4496594806795554,-11.34013937096458,-2.852100078300765,4.377442796346872
-9.685509417169406,7.9749288480470675,-0.03657802754369964,0.4401287794400619,4.77543758121168,-0.5596274825831583,-0.40588505271608666,-11.620655973216811,-3.248379418730346,4.116302771491978
-9.685509417169406,7.974563067771631,-0.15278458727586774,0.4878831552521787,4.742953787024376,-0.5636863331103191,-0.3647220250011669,-11.878491882141661,-3.678414781866882,3.7981358288083045
-9.685509417169406,7.973035221898872,-0.27156950609728436,0.5353126931224225,4.706169639205707,-0.5673335533603308,-0.3267406667130839,-12.108989347263542,-4.146380421383365,3.4198965084320583
-9.685509417169406,7.9703195268378995,-0.3926593995699198,0.5823743895144795,4.6647058349918735,-0.5706009600274616,-0.2925417016287633,-12.307167743908838,-4.656153847471284,2.9788815420507917
-9.685509417169406,7.9663929328422,-0.5157310770090082,0.6290214478643983,4.618144296517161,-0.5735263770437493,-0.2627528862082554,-12.467804396639961,-5.211092438924504,2.47294601061053
-9.685509417169406,7.96123562207211,-0.6404091209754078,0.6752028908295699,4.566033372127916,-0.5761539059058318,-0.23802342610215008,-12.585566277512633,-5.8137624877141265,1.9007631322116183
-9.685509417169406,7.954831530862355,-0.7662647837505341,0.7208632245508491,4.507895747250775,-0.5785341401668533,-0.21901579478003388,-12.655202202946942,-6.465625991914635,1.2621224392927335
-9.685509417169406,7.94716888302485,-0.8928168057800034,0.7659421820233568,4.4432394873316285,-0.5807242981146536,-0.20639457038710654,-12.671802014879914,-7.166698715957653,0.5582535554790381
-9.685509417169406,7.93824071496705,-1.0195348259288026,0.8103745768966731,4.371572500172052,-0.5827882438185247,-0.20081203483231616,-12.631123130805179,-7.9152034571984835,-0.20784682836542365
-9.685509417169406,7.928045366707763,-1.1458460572368545,0.8540903018983936,4.292420465600067,-0.5847963641668479,-0.2028905031159704,-12.529975203497528,-8.707254098663688,-1.0311180007549805
-9.685509417169406,7.916586906135394,-1.2711458092718297,0.8970145065543943,4.20534792461343,-0.5868252691980076,-0.2132016831235202,-12.366640453454435,-9.536616839358597,-1.9042117601807549
-9.685509417169406,7.903875448042676,-1.394812213806374,0.9390679858005286,4.109981756219844,-0.5889572860292428,-0.23224380072532774,-12.141291590239616,-10.394601815469102,-2.8173927307590723
-9.685509417169406,7.889927325904612,-1.5162251297087703,0.9801678033627271,4.006035738065154,-0.5912797240364961,-0.26041772803291846,-11.856353660357927,-11.270137283260226,-3.758612653193637
-9.685509417169406,7.874765074607524,-1.6347886663123496,1.0202281607433787,3.8933343652325516,-0.5938839013168252,-0.29800385456485484,-11.516744763197995,-12.150066069723662,-4.713798343540559
-9.685509417169406,7.8584171879444,-1.7499561139443296,1.0591615043957043,3.771833704535315,-0.5968639398624738,-0.34514183800026044,-11.12992852175428,-13.019678491674705,-5.667370211705724
-9.685509417169406,7.8409176268049565,-1.8612553991618723,1.0968798414410574,3.641636919618568,-0.6003153582424764,-0.4018155401173177,-10.705723293072648,-13.863459459486444,-6.602974349532945
-9.685509417169406,7.822305072813338,-1.9683126320925988,1.133296210637243,3.5030023250237035,-0.6043335136436496,-0.46784528361264716,-10.255841700087679,-14.665986696948424,-7.504371664225985
-9.685509417169406,7.802621946492412,-2.0708710490934754,1.16832623388748,3.356342458054219,-0.6090119664797761,-0.542889000254907,-9.793176884380188,-15.41288232836818,-8.356391580822612
-9.685509417169406,7.781913236001477,-2.1688028179372774,1.2018896584680223,3.2022136347705374,-0.6144408564823252,-0.6264529160631331,-9.330900994071849,-16.091702499956902,-9.145836095610223
-9.685509417169406,7.760225207822105,-2.262111827877996,1.2339117948157277,3.0412966097709684,-0.6207053856429565,-0.7179112770192354,-8.881484487477158,-16.692656297682593,-9.862220534815064
-9.685509417169406,7.737604089543325,-2.3509266727527676,1.2643247609134374,2.8743700467941427,-0.6278844984131489,-0.816533482367386,-8.455768801320012,-17.209075489751356,-10.498262094558589
-9.685509417169406,7.714094822815797,-2.4354843607659675,1.2930684613813788,2.702279291896629,-0.6360498332368227,-0.9215161033129718,-8.062221047457278,-17.637601917192733,-11.050070206422687
-9.685509417169406,7.689739979208137,-2.5161065712405404,1.3200912543003451,2.5259032727247015,-0.6452649942699524,-1.0320168053771988,-7.706467156803038,-17.978106290379213,-11.517042301786688
-9.685509417169406,7.664578913495732,-2.593171242808571,1.3453502870275922,2.3461222098209094,-0.6555851623237244,-1.1471872283950657,-7.3911477480428,-18.23338825113938,-11.901511743824742
-9.685509417169406,7.638647201067647,-2.667082720288999,1.3688115091258013,2.1637883273095158,-0.6670570346076751,-1.2662023458333131,-7.116083307212976,-18.408726074864994,-12.208222268788058
-9.685509417169406,7.611976373864756,-2.7382435533611287,1.3904493923988965,1.9797010665608659,-0.6797190580660082,-1.3882845685211938,-6.878686835120099,-18.511345720290702,-12.44371217953922
-9.685509417169406,7.584593938331145,-2.8070304217123296,1.4102464030645052,1.794587609357959,-0.6936019037512201,-1.5127216903165859,-6.6745331542916775,-18.549868561961706,-12.615684530321337
-9.685509417169406,7.556523634114022,-2.8737757532552464,1.4281922791580848,1.609088923738342,-0.708729120654386,-1.6388785356197992,-6.497987605372562,-18.5337818951197,-12.7324226495712
-9.685509417169406,7.527785876581469,-2.938755629308972,1.4442831683954682,1.423751104787145,-0.725117906010584,-1.7662027621155112,-6.342809355030542,-18.47296137630124,-12.802289910450853
-9.685509417169406,7.49839832028838,-3.0021837228592774,1.4585206794433396,1.2390214910241326,-0.7427799336317391,-1.8942256612200197,-6.202668562975231,-18.37726241838169,-12.833333420652522
-9.685509417169406,7.468376483059787,-3.06421040848903,1.470910894353581,1.0552488668403157,-0.7617221902439393,-2.022558995426545,-6.0715441420430745,-18.2561884885972,-12.832995840597164
-9.685509417169406,7.437734378974897,-3.1249258499094608,1.481463383021984,0.8726869819543437,-0.7819477801982048,-2.1508889538325167,-5.943993457972257,-18.11863757120121,-12.807928637039032
-9.685509417169406,7.406485120475802,-3.1843657844891835,1.4901902528415276,0.6915006062423316,-0.80345666973653,-2.278968240202907,-5.815303488319353,-17.972723023225885,-12.763893430521476
-9.685509417169406,7.37464146263091,-3.242518819372377,1.4971052589039509,0.5117733760100727,-0.826246352138559,-2.4066071745081214,-5.681543747990321,-17.825661288619685,-12.705734907643796
-9.685509417169406,7.342216274437186,-3.2993342568522803,1.5022229926640516,0.3335167631238758,-0.8503124238836403,-2.5336645235845596,-5.539545569095063,-17.683716357780906,-12.63740813784563
-9.685509417169406,7.309222931868663,-3.354729712543231,1.5055581602952903,0.15667959954606672,-0.8756490691194858,-2.660038604963016,-5.386831859167246,-17.552189474874154,-12.562044220562276
-9.685509417169406,7.275675634743231,-3.4085980311349036,1.507124956290751,-0.01884229520267483,-0.9022494551691159,-2.7856590471686387,-5.2215181584058605,-17.435442344270683,-12.482040286887214
-9.685509417169406,7.241589654431882,-3.4608132127189624,1.5069365333387241,-0.19319671864538165,-0.9301060456408023,-2.910479450037511,-5.0422012735009565,-17.336942788455076,-12.399162437248146
-9.685509417169406,7.206981522304693,-3.511235225453972,1.5050045661522704,-0.3665661465299324,-0.9592108401411774,-3.0344710744099923,-4.847847106575823,-17.259323192457177,-12.314652810674245
-9.685509417169406,7.171869170050153,-3.5597136965197302,1.5013389046869712,-0.5391593784545041,-0.9895555508852774,-3.157617602516735,-4.6376851803435075,-17.204443841049283,-12.229334387446057
-9.685509417169406,7.136272033084955,-3.606090548323165,1.4959473109024262,-0.711203816864997,-1.0,0.0,-5.5305838194697206,-17.638461688935923,-12.513180997065058
-9.685509417169406,7.100211127601724,-3.6613963865178625,1.4888352727337761,-0.8875884337543563,-1.0,-0.1251318099706506,-5.302865936723575,-17.6319760609922,-12.459982548822694
-9.685509417169406,7.063597163736545,-3.7144250458850983,1.4799593883962325,-1.0639081943642783,-1.0,0.0,-5.150649454809567,-17.688326637218477,-12.43852249880897
-9.685509417169406,7.026452913277694,-3.765931540433194,1.4693203064525897,-1.240791460736463,-1.0,-0.1243852249880897,-4.888673269233566,-17.732473331191965,-12.388148733231768
-9.685509417169406,6.988793597873363,-3.8148182731255296,1.4569123918452251,-1.4181161940483826,-1.0,0.0,-4.708495274795424,-17.839413225331743,-12.372309975403967
-9.685509417169406,6.950645415142107,-3.861903225873484,1.4427312299047412,-1.5965103263017,-1.0,-0.12372309975403967,-4.409994577249216,-17.929891788791686,-12.323667425383436
-9.685509417169406,6.912026382883372,-3.9060031716459758,1.4267661266417242,-1.7758092441896167,-1.0,0.0,-4.199143678289727,-18.0809223505209,-12.312402547432724
-9.685509417169406,6.872966351166912,-3.947994608428873,1.4090080341998281,-1.9566184676948257,-1.0,-0.12312402547432724,-3.860757479668216,-18.20912295344737,-12.264339732419012
-9.685509417169406,6.833486405082624,-3.986602183225555,1.38944184952288,-2.1387096972292996,-1.0,0.0,-3.615078982823224,-18.393497027563303,-12.256733790956238
-9.685509417169406,6.793620383250368,-4.022752973053787,1.368054752550587,-2.3226446675049326,-1.0,-0.12256733790956238,-3.2319605288353945,-18.54660170106122,-12.20847938295657
-9.685509417169406,6.753392853519831,-4.055072578342141,1.3448283058755377,-2.508110684515545,-1.0,0.0,-2.9455205888716294,-18.749406636954813,-12.204018935203086
-9.685509417169406,6.712842127736409,-4.084527784230858,1.3197471990303822,-2.695604750885093,-1.0,-0.12204018935203087,-2.5111572817811556,-18.910541874225,-12.155353668112063
-9.685509417169406,6.671996849894101,-4.109639357048669,1.2927911515215313,-2.884710169627343,-1.0,0.0,-2.176122433292817,-19.112964125885647,-12.153951563932308
-9.685509417169406,6.630900456323614,-4.131400581381597,1.2639440498252579,-3.0758398108861993,-1.0,-0.12153951563932308,-1.6823680371054888,-19.261655817705748,-12.105148300460522
-9.685509417169406,6.589586450509798,-4.148224261752652,1.233185651716396,-3.268456369063257,-1.0,0.0,-1.2891315318464218,-19.44166896237295,-12.10696034827157
1.9210863352986163,6.548104207892272,-4.161115577071117,1.2005010880257634,-3.4628730586869865,-1.0,-0.12106960348271571,5.799422617963343,-17.298950059946577,-5.6440667315092234
1.9210863352986163,6.50649305212156,-4.103121350891484,1.1658723574388936,-3.635862559286452,-1.0,0.0,6.263464198008862,-17.39061811584476,-5.5385073574162815
1.9210863352986163,6.4654618386126455,-4.040486708911395,1.129513731846029,-3.8097687404448997,-1.0,-0.055385073574162814,6.873015447984153,-17.406954040408884,-5.408765947774584
1.9210863352986163,6.4250569715235315,-3.9717565544315536,1.0914160444415801,-3.9838382808489885,-1.0,0.0,7.463738947046933,-17.40027008062796,-5.318013465622863
1.9210863352986163,6.385339405979216,-3.8971191649610843,1.0515776616330903,-4.157840981655268,-1.0,-0.053180134656228624,8.166744199680387,-17.32210400830543,-5.214616227693557
1.9210863352986163,6.346368214329605,-3.8154517229642804,1.0099992518165377,-4.331062021738322,-1.0,0.0,8.855589675484078,-17.21222433696505,-5.14669124470979
1.9210863352986163,6.308213697099962,-3.7268958262094394,0.9666886315991545,-4.503184265107973,-1.0,-0.0514669124470979,9.658180761349424,-17.022528955909205,-5.061414621883769
1.9210863352986163,6.270944738837867,-3.630314018595945,0.9216567889480748,-4.673409554667065,-1.0,0.0,10.449267972627267,-16.792358091045624,-5.004785631861606
1.9210863352986163,6.234641598651908,-3.5258213388696724,0.8749226934014042,-4.841333135577521,-1.0,-0.05004785631861606,11.3526832781582,-16.472619905290575,-4.922384236372236
1.9210863352986163,6.199383385263212,-3.4122945060880903,0.826509362045629,-5.006059334630427,-1.0,0.0,12.243411018903222,-16.10167230633339,-4.857488282305663
1.9210863352986163,6.1652604402023305,-3.289860395899058,0.7764487686993247,-5.167076057693761,-1.0,-0.048574882823056637,13.239636779640993,-15.627715075207291,-4.753670071368675
1.9210863352986163,6.13236183624334,-3.1574640281026483,0.724778008122387,-5.323353208445834,-1.0,0.0,14.215462093622588,-15.087160695818032,-4.650790501857668
1.9210863352986163,6.1007871959623134,-3.0153094071664226,0.6715444760379287,-5.474224815404014,-1.0,-0.046507905018576684,15.280571732631309,-14.423877863584952,-4.490288624511355
1.9210863352986163,6.070634101890649,-2.8625036898401097,0.6168022278838885,-5.618463594039864,-1.0,0.0,16.307157102909514,-13.671214529374947,-4.307893425594254
1.9210863352986163,6.042009064992248,-2.6994321188110146,0.5606175919434898,-5.755175739333613,-1.0,-0.043078934255942544,17.391635023031434,-12.768145445580906,-4.043684150857895
1.9210863352986163,6.015014743804138,-2.5255157685807004,0.5030658345501536,-5.882857193789422,-1.0,0.0,18.403909688965044,-11.744301027093497,-3.7288612242923733
1.9210863352986163,5.989759586118331,-2.34147667169105,0.44423726261225943,-6.000300204060357,-1.0,-0.037288612242923735,19.42006864835209,-10.536093820149624,-3.3049692870736913
1.9210863352986163,5.966344819401421,-2.147275985207529,0.3842342605716559,-6.105661142261853,-1.0,0.0,20.309407772640878,-9.170448544496168,-2.799308799789569
1.9210863352986163,5.944872059549345,-1.9441819074811202,0.32317764914903735,-6.197365627706815,-1.0,-0.027993087997895693,21.11894591452124,-7.589465896444551,-2.161544584989867
1.9210863352986163,5.925430240474534,-1.7329924483359078,0.2612039928719692,-6.273260286671261,-1.0,0.0,21.72427418912889,-5.821578705902471,-1.4175357937816362
1.9210863352986163,5.908100315991175,-1.5157497064446188,0.1984713900052566,-6.331476073730285,-1.0,-0.014175357937816362,22.135791690552896,-3.8321539650913428,-0.537248481920719
1.9210863352986163,5.892942818926729,-1.2943917895390897,0.13515662926795374,-6.369797613381198,-1.0,0.0,22.253095376128577,-1.6582995537612568,0.4511542315074711
1.9210863352986163,5.879998901031338,-1.0718608357778039,0.07145865313414176,-6.386380608918811,-1.0,0.004511542315074711,22.049383400934875,0.6848631621946776,1.5407688366996364
1.9210863352986163,5.86928029267356,-0.8513670017684551,0.007594847044953654,-6.379531977296865,-0.9999548845768492,0.019919230682071076,21.468679222089808,3.139467704204083,2.6940565799853236
1.9210863352986163,5.860766622655875,-0.636680209547557,-0.056200472728015,-6.348137300254824,-0.9997556922700285,0.046859796481924315,20.48596863337094,5.635540848404951,3.8679564493790033
1.9210863352986163,5.8543998205604,-0.43182052321384756,-0.11968184573056324,-6.291781891770775,-0.9992870943052092,0.08553936097571435,19.102569877950206,8.088972180549792,5.011683491911477
1.9210863352986163,5.8500816153282615,-0.2407948244343455,-0.182599664648271,-6.210892169965277,-0.9984317006954521,0.13565619589482913,17.35238598848137,10.4116865824601,6.073280400714617
1.9210863352986163,5.847673667083918,-0.0672709645495318,-0.24470858634792375,-6.106775304140676,-0.9970751387365038,0.1963889999019753,15.30368952084566,12.525032581425807,7.0078057501870274
1.9210863352986163,5.847000957438423,0.08576593065892482,-0.3057763393893305,-5.981524978326418,-0.995111248737484,0.2664670574038456,13.054717197514496,14.37268851898513,7.784881004466158
1.9210863352986163,5.847858616745013,0.21631310263406978,-0.3655915891725947,-5.837798093136567,-0.9924465781634456,0.3443158674485072,10.723011901394301,15.928613067678976,8.392993302233473
1.9210863352986163,5.850021747771353,0.3235432216480128,-0.4239695701039604,-5.678511962459777,-0.9890034194889605,0.42824580047084193,8.430536224232364,17.19703850918689,8.838929517715494
1.9210863352986163,5.853257179987834,0.40784858389033646,-0.48075468972855817,-5.5065415773679085,-0.9847209614842521,0.5166350956479968,6.2880959004129,18.204816787969055,9.142692315593647
1.9210863352986163,5.857335665826737,0.47072954289446545,-0.5358201055022372,-5.324493409488218,-0.9795546105277722,0.6080620188039333,4.382763479300769,18.98969814196054,9.33011618076664
1.9210863352986163,5.862042961255681,0.5145571776874731,-0.5890650395971194,-5.134596428068613,-0.9734739903397328,0.7013631806115996,2.770766295988887,19.589348137770866,9.426048421149249
1.9210863352986163,5.8671885330325555,0.542264840647362,-0.6404110038778056,-4.9387029466909045,-0.9664603585336168,0.7956236648230921,1.476416425802964,20.034574211705564,9.450141013686348
1.9210863352986163,5.872611181439029,0.5570290049053916,-0.6897980333447147,-4.738357204573849,-0.9585041218853858,0.8901250749599556,0.49600522770137495,20.34756737265559,9.415736420338083
1.9210863352986163,5.878181471488083,0.5619890571824054,-0.7371816053904532,-4.534881530847294,-0.9496028711357862,0.9842824391633365,-0.19530561292987703,20.543739177137915,9.331025488132832
1.9210863352986163,5.883801362059907,0.5600360010531067,-0.7825304206989261,-4.329444139075915,-0.9397600467441529,1.0775926940446647,-0.6356471227024221,20.634925771892213,9.201157703766894
1.9210863352986163,5.8894017220704376,0.5536795298260825,-0.8258248620896852,-4.123094881356993,-0.9289841198037063,1.1696042710823336,-0.8692477242106278,20.632181111423733,9.030211566569971
1.9210863352986163,5.894938517368699,0.5449870525839762,-0.8670558109032551,-3.9167730702427552,-0.917288077092883,1.2599063867480333,-0.9407926898732029,20.547344914515776,8.822474591308515
1.9210863352986163,5.900388387894538,0.5355791256852441,-0.9062235416056826,-3.7112996210975977,-0.9046890132254026,1.3481311326611185,-0.8916260504833379,20.39339248925509,8.582968076904697
1.9210863352986163,5.905744179151391,0.5266628651804107,-0.9433365378166586,-3.507365696205047,-0.8912077018987914,1.4339608134301656,-0.7576441215900914,20.183986895956593,8.317419166390124
1.9210863352986163,5.911010807803195,0.5190864239645098,-0.978410194778709,-3.3055258272454813,-0.8768680937644897,1.5171350050940668,-0.5685054722305488,19.932710016043412,8.031946390334435
1.9210863352986163,5.91620167204284,0.5134013692422043,-1.011465453051164,-3.1061987270850473,-0.861696743713549,1.5974544689974113,-0.34772946109520914,19.65231860011219,7.73267229971306
1.9210863352986163,5.921335685735262,0.5099240746312521,-1.0425274403220144,-2.9096755410839252,-0.8457221990235748,1.674781191994542,-0.11330677651139423,19.354201626893285,7.42538957387782
1.9210863352986163,5.9264349264815745,0.5087910068661382,-1.0716241957328536,-2.7161335248149925,-0.8289743871036294,1.74903508773332,0.12146022962349534,19.048083277027004,7.115331748727502
1.9210863352986163,5.9315228365502355,0.5100056091623731,-1.0987855309810035,-2.5256526920447224,-0.8114840362262962,1.820188405220595,0.34707278709241257,18.741940521624773,6.8070516417714595
1.9210863352986163,5.936622892641859,0.5134763370332973,-1.1240420579014507,-2.3382332868284745,-0.7932821521740903,1.8882589216383097,0.5570125794276801,18.442075261108705,6.50438732413873
1.9210863352986163,5.941757656012192,0.5190464628275742,-1.1474243907697355,-2.1538125342173875,-0.7743995629577072,1.953302794879697,0.7470299762366492,18.153279930037645,6.210488897971431
1.9210863352986163,5.946948120640468,0.5265167625899406,-1.1689625161119093,-1.9722797349170111,-0.7548665350089102,2.0154076838594115,0.9145578097272428,17.879047219116757,5.927881533039961
1.9210863352986163,5.952213288266368,0.5356623406872131,-1.1886853134610793,-1.7934892627258436,-0.734712458170316,2.074686499189811,1.0582450165145854,17.621789454987375,5.658545788840904
1.9210863352986163,5.9575699116732395,0.5462447908523589,-1.2066202060883378,-1.6172713681759698,-0.7139655931784179,2.13127195707822,1.1775951135952605,17.38304647705232,5.404002192474867
1.9210863352986163,5.963032359581763,0.5580207419883115,-1.2227929197700975,-1.4434409034054467,-0.6926528736076357,2.185311979002969,1.2726914867832848,17.163670920854358,5.1653920379549865
1.9210863352986163,5.968612567001646,0.5707476568561444,-1.237227328804152,-1.2718041941969032,-0.670799753817606,2.2369658993825188,1.3439919339111523,16.96398663031562,4.9435500632923235
1.9210863352986163,5.9743200435702075,0.5841875761952559,-1.249945370746121,-1.102164327893747,-0.6484300948237809,2.286401400015442,1.3921769769886243,16.783920089943713,4.739067147367065
1.9210863352986163,5.9801619193321605,0.5981093459651421,-1.2609670140250584,-0.9343251269943098,-0.6255660808236265,2.3337920714891123,1.4180390625174149,16.623107035027882,4.552342708279612
1.9210863352986163,5.986143012791812,0.6122897365903163,-1.2703102652950016,-0.768094056644031,-0.6022281601087354,2.3793154985719083,1.4224023402111465,16.48097741120917,4.383627350870055
1.9210863352986163,5.992265910157715,0.6265137599924278,-1.277991205861442,-0.6032842825319392,-0.5784350051230163,2.4231517720806086,1.4060649886590888,16.35682210422127,4.23305673082036
1.9210863352986163,5.9985310477576395,0.6405744098790186,-1.2840240486867613,-0.43971606148972653,-0.5542034874022101,2.4654823393888123,1.369757956667623,16.249844683586876,4.100677745370278
1.9210863352986163,6.00493679185643,0.6542719894456949,-1.2884212093016587,-0.27721761465385775,-0.529548664008322,2.506489116842515,1.3141155150321633,16.15920101743893,3.9864681428076114
1.9210863352986163,6.011479511750887,0.6674131445960165,-1.2911933854481974,-0.11562560447946843,-0.5044837728398969,2.5463537982705913,1.2396542092716591,16.084029149693325,3.890350540244326
1.9210863352986163,6.018153643196847,0.6798096866887331,-1.292349641492992,0.04521468701746484,-0.479020234857191,2.5852573036730346,1.146757726502257,16.023471357874755,3.8122016981746527
1.9210863352986163,6.0249517400637345,0.6912772639537557,-1.2918974946228174,0.2054494005962124,-0.45316766182046064,2.6233793206547813,1.0356658960061418,15.976689865580228,3.7518577475261057
1.9210863352986163,6.031864512703272,0.7016339229138171,-1.2898430006168553,0.3652162992520147,-0.4269338686139128,2.660897898130042,0.9064665840563839,15.942877281242385,3.709115914149706
1.9210863352986163,6.038880851932411,0.710698588754381,-1.2861908376243352,0.5246450720644386,-0.40032488963261237,2.6979890572715393,0.7590896624764203,15.92126247514734,3.683733142795903
1.9210863352986163,6.045987837819954,0.7182894853791452,-1.2809443869036907,0.683857696815912,-0.373344999059897,2.7348263886994983,0.593302563355343,15.91111228327265,3.675421888728842
1.9210863352986163,6.053170732673745,0.7242225110126986,-1.2741058099355316,0.8429688196486386,-0.345996735172902,2.771580607586787,0.4087072096220107,15.911729129671231,3.6838432187812145
1.9210863352986163,6.060412957783872,0.7283095831089187,-1.265676121739045,1.002086110945351,-0.31828092909703415,2.808419039774599,0.2047383590522733,15.922444377557882,3.7085972421475
1.9210863352986163,6.067696053614961,0.7303569666994414,-1.2556552606295917,1.1613105547209297,-0.29019673869928814,2.845505012196074,-0.019336358221608608,15.942606941264495,3.7492107715560508
1.9210863352986163,6.074999623281956,0.7301636031172253,-1.2440421550823824,1.3207366241335747,-0.2617416885773274,2.8829971199116344,-0.2644141678218744,15.971566405426458,3.8051219950945403
1.9210863352986163,6.0823012593131285,0.7275194614390066,-1.2308347888410467,1.4804522881878392,-0.23291171737821104,2.9210483398625797,-0.5315517996194795,16.00864959377723,3.875661816542287
1.9210863352986163,6.089576453927519,0.7222039434428118,-1.2160302659591682,1.6405387841256116,-0.20370123397958523,2.959804958028003,-0.8219558347255908,16.05312919950342,3.9600313984316133
1.9210863352986163,6.096798493361947,0.7139843850955558,-1.199624878117912,1.8010700761206457,-0.1741031843993052,2.9994052720123188,-1.1369670459085655,16.10418272805796,4.057275321711441
1.9210863352986163,6.103938337212902,0.7026147146364702,-1.1816141773567055,1.9621119034012253,-0.14410913167918202,3.0399780252294333,-1.4780363948687354,16.160839614933774,4.166249669188775
1.9210863352986163,6.110964484359267,0.6878343506877829,-1.1619930583226932,2.123720299550563,-0.11370935142688768,3.081640521921321,-1.8466895189006671,16.221913981789164,4.285584266579367
1.9210863352986163,6.117842827866145,0.6693674554987762,-1.1407558553271875,2.285939439368455,-0.08289294620767447,3.1244963645871144,-2.2444754476762094,16.285920124061885,4.4136383093008975
1.9210863352986163,6.124536502421133,0.6469227010220141,-1.117896460933503,2.448798640609074,-0.05164798256180332,3.1686327476801233,-2.6728938670342766,16.35096755971648,4.548448721844353
1.9210863352986163,6.131005729431354,0.6201937623516713,-1.0934084745274122,2.6123083162062386,-0.01996165508500209,3.2141172348985667,-3.133293414439873,16.4146324520371,4.6876709302826365
1.9210863352986163,6.13720766705487,0.5888608282072726,-1.0672853913653497,2.7764546407266097,0.012179517263983579,3.260993944201393,-3.626731180542379,16.4738026869483,4.8285124175965635
1.9210863352986163,6.1430962753369425,0.5525935164018488,-1.0395208449580837,2.9411926675960927,0.04478945670599751,3.3092790683773585,-4.15378076544482,16.524495222673544,4.967660686912228
1.9210863352986163,6.148622210500961,0.5110557087474006,-1.0101089182821228,3.1064376198228283,0.07788224738977109,3.358955675246481,-4.714272940315524,16.561647136596267,5.101209385119702
1.9210863352986163,6.153732767588435,0.46391297934424536,-0.9790445420838945,3.272054091188791,0.1114718041422359,3.409967769097678,-5.306949407445674,16.578886963084955,5.224589761105196
1.9210863352986163,6.158371897381878,0.41084348526978864,-0.9463240011720065,3.4378429608196406,0.14557148183321267,3.4622136667087298,-5.929006866578611,16.568301697988947,5.332519892491589
1.9210863352986163,6.162480332234576,0.3515534166040025,-0.9119455715638102,3.60352597779953,0.18019361850029997,3.5155388656336455,-6.5755066736532735,16.520228849948893,5.418991829474014
1.9210863352986163,6.165995866400617,0.28579834986746977,-0.8759103117858149,3.768728266299019,0.2153490071566364,3.5697287839283858,-7.238626828738545,16.423123918858323,5.4773274977019755
1.9210863352986163,6.168853849899292,0.21341208158008432,-0.8382230291228248,3.9329595054876023,0.25104629499592024,3.6245020589054056,-7.906741256730805,16.263582984031892,5.500347896931853
1.9210863352986163,6.1709879707150925,0.13434466901277625,-0.7988934340679488,4.095595335327921,0.2872913155849743,3.679505537874724,-8.563331666479527,16.026637050424156,5.48071551496207
1.9210863352986163,6.17233141740522,0.04871135234798098,-0.7579374807146696,4.255861705832163,0.3240863709637215,3.7343126930243447,-9.185777221148463,15.696473952410194,5.411522805794846
1.9210863352986163,6.1728185309287005,-0.04314641986350365,-0.715378863656348,4.412826445356265,0.36142949789396495,3.788427921082293,-9.744135998332101,15.257769820853966,5.287200816411425
1.9210863352986163,6.1723870667300655,-0.14058777984682466,-0.6712505992027853,4.5654041435648045,0.3993137771047879,3.841299929246407,-10.200137934102397,14.697794232019078,5.104794608034587
1.9210863352986163,6.170981188931597,-0.24258915918784862,-0.6255965577671373,4.712382085884995,0.43772677639725194,3.892347875326753,-10.506752254550609,14.009339161460348,4.865570122861846
1.9210863352986163,6.168555297339719,-0.34765668173335473,-0.5784727369082874,4.852475477499598,0.47665025515051945,3.9410035765553713,-10.60885424632537,13.194244346209214,4.576750732996385
1.9210863352986163,6.165078730522385,-0.45374522419660845,-0.5299479821332914,4.984417920961691,0.5160602909160732,3.986771083885335,-10.445641103842066,12.266800360798557,4.2529160413672775
1.9210863352986163,6.160541278280419,-0.5582016352350291,-0.4801038029236745,5.1070859245696765,0.5559280017549265,4.029300244299008,-9.955429734334329,11.255651400129308,3.9162716575438803
1.9210863352986163,6.154959261928069,-0.6577559325783724,-0.42903294367797773,5.219642438570969,0.5962210041979166,4.068462960874447,-9.083169176282567,10.202254217269788,3.594770031299987
1.9210863352986163,6.148381702602285,-0.7485876243411981,-0.376836519292268,5.321664980743667,0.636905633806661,4.104410661187447,-7.7903056446326415,9.154033634345145,3.317220947687158
1.9210863352986163,6.140895826358873,-0.8264906807875245,-0.32361986948483135,5.413205317087118,0.6779497404185355,4.1375828706643185,-6.065599080647946,8.151797421226274,3.105405610849997
1.9210863352986163,6.132630919550998,-0.887146671594004,-0.2694878163139602,5.494723291299381,0.7193255691251786,4.168636926772819,-3.9344420420805366,7.213965288233426,2.964858231956569
1.9210863352986163,6.123759452835058,-0.9264910920148093,-0.21454058340096638,5.566862944181715,0.7610119383929068,4.1982855090923845,-1.4637539465890095,6.323674397208153,2.8777919730730765
1.9210863352986163,6.11449454191491,-0.9411286314806994,-0.15887195395914921,5.630099688153796,0.8029947934838306,4.227063428823115,1.2398885177866932,5.42634406884853,2.802310479219159
-5.204098289586301,6.105083255600103,-0.9287297463028324,-0.10257095707761126,5.684363128842281,0.8452654277720618,4.255086533615307,-2.7221502159383313,-2.0590261457702943,-4.0739249721294
-5.204098289586301,6.095795958137075,-0.9559512484622158,-0.04572732578918844,5.663772867384578,0.8878162931082149,4.214347283894013,0.0886500715741226,-2.893926073792725,-4.113596375832377
-5.204098289586301,6.086236445652453,-0.9550647477464745,0.01091040288465734,5.634833606646651,0.929959765947155,4.17321132013569,2.6778141935110673,-3.8042588735574854,-4.22477521259694
-5.204098289586301,6.076685798174989,-0.9282866058113639,0.06725873895112384,5.596791017911076,0.971691879148512,4.1309635680097205,4.933853825902832,-4.823611706794916,-4.436961940683773
-5.204098289586301,6.067402932116875,-0.8789480675523356,0.1232266491302346,5.5485549008431265,1.0,0.0,10.236186148891969,-3.126440672659335,-2.7421681298847296
-5.204098289586301,6.058613451441351,-0.7765862060634159,0.17871219813866585,5.5172904941165335,1.0,-0.027421681298847297,11.595323161570095,-4.610210962921724,-3.3173682470504815
-5.204098289586301,6.050847589380717,-0.660632974447715,0.23388510307983118,5.471188384487316,0.9997257831870116,-0.060595363769352116,12.51882366443009,-6.0957315479904395,-3.940685373479186
-5.204098289586301,6.04424125963624,-0.5354447378034141,0.28859698692470437,5.410231069007412,0.999119829549318,-0.10000221750414398,13.038547780883796,-7.509619313288749,-4.563975830789726
-5.204098289586301,6.038886812258206,-0.4050592599945761,0.34269929761477846,5.335134875874524,0.9981198073742765,-0.14564197581204125,13.207002802475238,-8.796144629390612,-5.146097092060042
-5.204098289586301,6.034836219658261,-0.2729892319698237,0.3960506463735237,5.247173429580618,0.9966633876161561,-0.19710294673264167,13.086816735819651,-9.922120219852935,-5.657433424999951
-5.204098289586301,6.032106327338562,-0.1421210646116272,0.4485223806693299,5.147952227382089,0.9946923581488297,-0.2536772809826412,12.742008944346177,-10.87550779568097,-6.080678069044534
-5.204098289586301,6.030685116692446,-0.014700975168165431,0.5000019029431508,5.03919714942528,0.9921555853390033,-0.3144840616730865,12.23195383226299,-11.660593135925518,-6.4092006191707975
-5.204098289586301,6.030538106940765,0.10761856315446447,0.5503938744374036,4.9225912180660245,0.9890107447222725,-0.3785760678647945,11.608019658631981,-12.292244408516645,-6.6443629893322464
-5.204098289586301,6.031614292572309,0.2236987597407843,0.5996197866180639,4.799668773980858,0.9852249840436245,-0.44501969775811695,10.912335461168022,-12.790814030812927,-6.792758590739447
-5.204098289586301,6.033851280169717,0.3328221143524645,0.6476164743578725,4.671760633672728,0.9807747870660433,-0.5129472836655115,10.177979571970555,-13.178331801037041,-6.863891189018205
-5.204098289586301,6.037179501313242,0.4346019100721701,0.6943340806945998,4.539977315662358,0.9756453142293882,-0.5815861955556935,9.429957364035115,-13.476036040825765,-6.8684620736125845
-5.204098289586301,6.0415255204139635,0.5289014837125212,0.7397338538512234,4.4052169552541,0.9698294522738312,-0.6502708162918193,8.686504457896573,-13.703001882615752,-6.817234001017465
-5.204098289586301,6.046814535251089,0.6157665282914869,0.7837860234037644,4.268186936427942,0.963326744110913,-0.718443156301994,7.960423961980398,-13.875549931039773,-6.720356148945078
-5.204098289586301,6.052972200534004,0.6953707679112909,0.8264678927680438,4.129431437117544,0.9561423125478931,-0.7856467177914448,7.260301970668346,-14.0071503680097,-6.587019469286074
-5.204098289586301,6.059925908213117,0.7679737876179744,0.8677622071392193,3.989359933437447,0.9482858453699786,-0.8515169124843055,6.59153663263714,-14.108606706750644,-6.425329325284195
-5.204098289586301,6.067605646089297,0.8338891539443458,0.9076558064735938,3.848273866369941,0.9397706762451355,-0.9157702057371474,5.95716979838731,-14.188373013724393,-6.242309631826767
-5.204098289586301,6.07594453762874,0.8934608519282189,0.9461385451372932,3.706390136232697,0.9306129741877641,-0.9781933020554151,5.358537685318242,-14.252914204327892,-6.043978854003883
-5.204098289586301,6.0848791461480225,0.9470462287814013,0.9832024464996202,3.563860994189418,0.9208310411672099,-1.038633090595454,4.795768103591357,-14.3070585309888,-5.835459115625343
-5.204098289586301,6.094349608435836,0.9950039098173149,1.0188410564415145,3.42079040887953,0.9104447102612554,-1.0969876817517075,4.268153797410703,-14.354317059565957,-5.621094797128801
-5.204098289586301,6.10429964753401,1.037685447791422,1.0530489605303097,3.2772472382838704,0.8994748334437384,-1.1531986297229955,3.7744290216450427,-14.397160435468898,-5.404567242801647
-5.204098289586301,6.114676502011924,1.0754297380078723,1.0858214329131484,3.1332756339291814,0.8879428471465084,-1.207244302151012,3.312972306545814,-14.437251905476213,-5.188998773422395
-5.204098289586301,6.125430799392003,1.1085594610733305,1.1171541892524401,2.9889031148744194,0.8758704041249983,-1.259134289885236,2.8819539049925718,-14.475639920172174,-4.977043224541726
-5.204098289586301,6.1365163940027365,1.1373790001232562,1.1470432204011844,2.844146715672698,0.863279061226146,-1.3089047221306533,2.47944234363739,-14.512915446435064,-4.770962566999312
-5.204098289586301,6.147890184003969,1.1621734235596302,1.1754846875579115,2.6990175612083473,0.8501900140048394,-1.3566143478006465,2.103481062784947,-14.549339502810515,-4.572690431588121
-5.204098289586301,6.1595119182395655,1.1832082341874797,1.2024748631699949,2.5535241661802424,0.836623870526833,-1.4023412521165277,1.7521433642718824,-14.584946089768303,-4.383883970261383
-5.204098289586301,6.17134400058144,1.2007296678301984,1.2280101048317973,2.4076747052825596,0.8226004580056677,-1.4461800918191416,1.423571728739497,-14.61962503060226,-4.205965711583625
-5.204098289586301,6.183351297259742,1.2149653851175934,1.2520868518846229,2.2614784549765368,0.8081386570874763,-1.488239748934978,1.1160059162399683,-14.653188494844063,-4.040157077097387
-5.204098289586301,6.195500951110918,1.2261254442799931,1.2747016364343882,2.114946570028096,0.7932562595981265,-1.5286413197059519,0.8278030270626896,-14.685424262892937,-3.8875051202990236
-5.204098289586301,6.207762205553718,1.23440347455062,1.295851102134669,1.9680923273991666,0.777969846401067,-1.5675163709089421,0.5574517837610156,-14.716138162817426,-3.748903891018866
-5.204098289586301,6.220106240299224,1.2399779923882301,1.3155320254086607,1.8209309457709923,0.7622946826919776,-1.6050054098191309,0.30358262637484856,-14.745187587043254,-3.6251116490134074
-5.204098289586301,6.232506020223107,1.2430138186519786,1.3337413348663705,1.6734790699005597,0.7462446285937864,-1.6412565263092649,0.06497473146436272,-14.772507578009959,-3.516764969638205
-5.204098289586301,6.244936158409627,1.2436635659666222,1.350476125565376,1.52575399412046,0.7298320633306937,-1.6764241760056469,-0.1594392745345886,-14.798130648550554,-3.4243906106644104
-5.204098289586301,6.257372794069293,1.2420691732212763,1.3657336655065806,1.3777726876349545,0.7130678215706373,-1.710668082112291,-0.37057037169508605,-14.822201261319151,-3.3484158467491016
-5.204098289586301,6.269793485801506,1.2383634695043255,1.37951139238293,1.229550675021763,0.6959611407495144,-1.744152240579782,-0.5691715932804261,-14.844985717411118,-3.2891778283564554
-5.204098289586301,6.282177120496549,1.2326717535715213,1.3918068991331478,1.081100817847652,0.6785196183437167,-1.7770440188633465,-0.7558375828009485,-14.866878082956909,-3.2469323854793095
-5.204098289586301,6.294503838032264,1.2251133777435117,1.4026179073116243,0.932432037018083,0.6607491781550832,-1.8095133427181396,-0.9310050403783339,-14.888402700443512,-3.2218625733082527
-5.204098289586301,6.306754971809699,1.2158033273397284,1.4119422276818052,0.7835480100136478,0.6426540447279018,-1.8417319684512221,-1.0949538682088553,-14.910213776632055,-3.2140871468737093
-5.204098289586301,6.318913005083097,1.2048537886576398,1.4197777077819418,0.6344458722473273,0.6242367250433896,-1.8738728399199591,-1.2478088377146082,-14.933092500438109,-3.223669054403917
-5.204098289586301,6.330961542969673,1.1923757002804938,1.426122166504415,0.48511494724294624,0.60549799664419,-1.9061095304639983,-1.389541603547893,-14.95794211273351,-3.2506239543163833
-5.204098289586301,6.342885299972478,1.1784802842450148,1.4309733159768445,0.3355355261156111,0.5864369013395501,-1.9386157700071622,-1.5199728882229495,-14.985781317852103,-3.294928687747588
-5.204098289586301,6.354670102814928,1.1632805553627854,1.4343286712380006,0.18567771293709007,0.5670507436394785,-1.9715650568846381,-1.6387746608696574,-15.017736387082353,-3.3565295762856624
-5.204098289586301,6.366302908368556,1.1468928087540888,1.4361854483673715,0.035500349066266534,0.5473350930706321,-2.0051303526474946,-1.745472138710289,-15.055032252164732,-3.4353503615515066
-5.204098289586301,6.3777718364560965,1.129438087366986,1.4365404518580343,-0.11504997345538079,0.5272837895441571,-2.0394838562630095,-1.8394454542031942,-15.09898281715811,-3.5312995573195116
-5.204098289586301,6.389066217329766,1.111043632824954,1.4353899521234805,-0.2660398016269619,0.506888950981527,-2.0747968518362048,-1.9199308582251184,-15.150980625823346,-3.644276943167435
-5.204098289586301,6.400176653658016,1.0918443242427027,1.432729554107211,-0.41754960788519535,0.48614098246316495,-2.1112396212678792,-1.9860213745306752,-15.212485904700594,-3.774178887698408
-5.204098289586301,6.411095096900443,1.071984110497396,1.4285540580283589,-0.5696744669322014,0.46502858625048615,-2.1489814101448634,-2.036666888527959,-15.285014854589162,-3.920902145005767
-5.204098289586301,6.421814938005417,1.0516174416121165,1.422857313359037,-0.722524615478093,0.44353877214903753,-2.188190431594921,-2.070673751585183,-15.370126879306326,-4.0843457154142575
-5.204098289586301,6.432331112421538,1.0309107040962646,1.415632067204256,-0.8762258842711562,0.4216568678330883,-2.229033888749064,-2.0867041210762176,-15.469410212825828,-4.264410295191535
-5.204098289586301,6.4426402194625005,1.0100436628855025,1.4068698083615443,-1.0309199863994145,0.39936652894559765,-2.2716779917009795,-2.083275450999202,-15.584465124368942,-4.460994753965552
-5.204098289586301,6.452740656091356,0.9892109083755105,1.3965606084975501,-1.186764637643104,0.37664974902858783,-2.316287939240635,-2.0587608192611895,-15.716883533363927,-4.673988966856513
-5.204098289586301,6.462632765175111,0.9686233001828987,1.384692962121119,-1.3439334729767434,0.3534868696361815,-2.3630278289092,-2.011391155162759,-15.868223437513628,-4.903262184934225
-5.204098289586301,6.47231899817694,0.9485093886312711,1.3712536273913516,-1.5026157073518798,0.3298565913470895,-2.4120604507585424,-1.9392609554050122,-16.039976030925448,-5.14864594781229
-5.204098289586301,6.4818040920632525,0.929116779077221,1.3562274703178328,-1.6630154676611342,0.3057359868395041,-2.463546910236665,-1.8403398057175284,-16.233522749283694,-5.409910324130979
-5.204098289586301,6.491095259854025,0.9107133810200457,1.3395973156412213,-1.825350695153971,0.28110051773713746,-2.517646013477975,-1.7124930347379608,-16.450078714497877,-5.686732013403415
-5.204098289586301,6.5002023936642255,0.8935884506726661,1.3213438086896816,-1.98985148229895,0.2559240576023577,-2.5745133336120087,-1.5535162190825136,-16.69061816538094,-5.978652571349488
-5.204098289586301,6.509138278170952,0.8780532884818409,1.301445293866692,-2.1567576639527593,0.23017892426623762,-2.6342998593255036,-1.361190165562245,-16.955776487031628,-6.285024765323212
-5.204098289586301,6.517918811055771,0.8644413868262185,1.2798777172271645,-2.3263154288230754,0.2038359256729826,-2.697150106978736,-1.1333655819988044,-17.245722480404854,-6.6049448953358025
-5.204098289586301,6.526563224924033,0.8531077310062305,1.2566145629389338,-2.4987726536271238,0.17686442460319524,-2.763199555932094,-0.8680901022040379,-17.559993737650334,-6.93716895326676
-5.204098289586301,6.535094302234095,0.8444268299841902,1.2316268364026626,-2.674372591003627,0.1492324290438743,-2.8325712454647616,-0.5637948477914692,-17.897287772083644,-7.28001094869294
-5.204098289586301,6.543538570533936,0.8387888815062755,1.2048831104926263,-2.8533454687244633,0.12090671658922668,-2.905371354951691,-0.21956343259626723,-18.255202530891605,-7.631222944600054
-5.204098289586301,6.551926459348999,0.8365932471803128,1.1763496558053816,-3.0358974940333794,0.09185300303970977,-2.9816835843976914,0.16448678237441203,-18.62992313855572,-7.987858840840368
-5.204098289586301,6.560292391820802,0.8382381150040569,1.1459906808650477,-3.2221967254189368,0.06203616719573285,-3.061562172806095,0.5866737211737666,-19.015858781831298,-8.346128461608618
-5.204098289586301,6.568674772970843,0.8441048522157946,1.1137687136108583,-3.4123553132372497,0.031420545467671895,-3.145023457422181,1.043025283514111,-19.405246807368556,-8.701256003085634
-5.204098289586301,6.577115821493001,0.8545351050509357,1.0796451604784858,-3.6064077813109354,-2.9689106549914135e-05,-3.2320360174530376,1.5263111295864524,-19.787763127048514,-9.047368387077798
-5.204098289586301,6.58566117254351,0.8697982163468002,1.0435810826653764,-3.8042854125814207,-0.03235004928108029,-3.3225097013238156,2.0247875873789214,-20.150211434164692,-9.37745508965846
-5.204098289586301,6.594359154706978,0.8900460922205894,1.0055382285395622,-4.005787526923068,-0.06557514629431845,-3.4162842522204,2.5206340642689242,-20.476408728344033,-9.68346044528785
-5.204098289586301,6.603259615629184,0.9152524328632786,0.9654803532703315,-4.210551614206508,-0.09973798881652245,-3.5131188566732785,2.988113972643986,-20.747434712442743,-9.956587135648245
-5.204098289586301,6.612412139957817,0.9451335725897185,0.9233748371282665,-4.418025961330935,-0.13486917738325524,-3.612684728029761,3.391599994716393,-20.942446911803334,-10.187892687787922
-5.204098289586301,6.621863475683714,0.9790495725368824,0.8791945775149572,-4.6274504304489685,-0.17099602466355285,-3.71456365490764,3.68378405600198,-21.04023679406224,-10.369224418967455
-5.204098289586301,6.631653971409083,1.0158874130969022,0.8329200732104676,-4.837852798389591,-0.20814166121262925,-3.8182558990973146,3.804657557239982,-21.021539934053045,-10.494424500490053
-5.204098289586301,6.641812845540052,1.053933988669302,0.7845415452265717,-5.048068197730121,-0.2463242202036024,-3.923200144102215,3.682171458454383,-20.87172829872894,-10.560507121374307
-5.204098289586301,6.652352185426745,1.0907557032538457,0.7340608632492704,-5.256785480717411,-0.2855562216446246,-4.028805215315958,3.235766365034534,-20.582878356803885,-10.56816633121944
-5.204098289586301,6.663259742459283,1.123113366904191,0.6814930084420964,-5.46261426428545,-0.32584427379778413,-4.134486878628152,2.3839854623738215,-20.153510826335175,-10.520639041459146
-5.204098289586301,6.674490876128325,1.1469532215279292,0.6268668657992419,-5.664149372548802,-0.36718914258406565,-4.239693269042744,1.056841843015143,-19.5841085623638,-10.41994964131525
-5.204098289586301,6.685960408343604,1.1575216399580806,0.5702253720737539,-5.859990458172439,-0.4095860752744931,-4.343892765455896,-0.7877430184055313,-18.8677451424289,-10.260384620133097
-5.204098289586301,6.6975356247431845,1.1496442097740251,0.5116254674920295,-6.048667909596729,-0.45302500292905207,-4.446496611657227,-3.146183592825709,-17.978374674272082,-10.020955491472556
-5.204098289586301,6.7090320668409245,1.1181823738457681,0.45113878839606225,-6.228451656339449,-0.4974899690456243,-4.546706166571952,-5.954993092592379,-16.863506015764134,-9.66097529111275
-5.204098289586301,6.720213890579382,1.0586324429198444,0.38885427183266774,-6.397086716497091,-0.5429570307113438,-4.643315919483079,-9.085794802376288,-15.449760133490338,-9.123820148357035
-5.204098289586301,6.73080021500858,0.9677744948960815,0.32488340466769683,-6.551584317831995,-0.5893901899061746,-4.734554120966649,-12.353975511288503,-13.665425811212529,-8.35138946685588
-5.204098289586301,6.740477959957541,0.8442347397831964,0.2593675614893769,-6.68823857594412,-0.6367357311158411,-4.818068015635208,-15.541694964011526,-11.473840209835325,-7.305807514237457
-5.204098289586301,6.748920307355373,0.6888177901430812,0.19248517572993568,-6.802976978042473,-0.6849164112721933,-4.891126090777583,-18.43103253410073,-8.901874176741758,-5.9891338838498624
-5.204098289586301,6.755808485256804,0.5045074648020739,0.12445540594951095,-6.8919957198098905,-0.7338276721799691,-4.951017429616082,-20.838830383402104,-6.0475098592103205,-4.451103809459401
-5.204098289586301,6.760853559904825,0.2961191609680528,0.055535448751412045,-6.952470818401993,-0.7833378464761299,-4.995528467710676,-22.643433662426183,-3.061308146288816,-2.780659917640532
-5.204098289586301,6.763814751514505,0.06968482434379097,-0.013989259432607884,-6.983083899864881,-0.8332931311532367,-5.023335066887081,-23.796229929034617,-0.11078057704061592,-1.0854123550475983
-5.204098289586301,6.764511599757943,-0.1682774749465552,-0.08382009843125669,-6.984191705635287,-0.8835264818221075,-5.034189190437557,-24.316650600761964,2.65596145617947,0.5316627360093307
-5.204098289586301,6.762828825008477,-0.41144398095417484,-0.15366201548760955,-6.957632091073492,-0.933868373726483,-5.0288725630774636,-24.275080959120153,5.134044164314089,1.9897276114604974
-5.204098289586301,6.758714385198935,-0.6541947905453764,-0.22323833639834448,-6.906291649430351,-0.9841570993572577,-5.008975286962858,-23.770997982613448,7.26890369707668,3.23795296625415
-5.204098289586301,6.752172437293481,-0.891904770371511,-0.29230125289264797,-6.833602612459584,-1.0,0.0,-25.5550234120882,7.911747209109731,3.1944024506374973
-5.204098289586301,6.743253389589766,-1.147455004492393,-0.3606372790172438,-6.754485140368487,-1.0,0.03194402450637497,-24.401090012117432,9.52119503266517,4.072362694711738
-5.204098289586301,6.731778839544842,-1.3914659046135673,-0.4281821304209287,-6.659273190041835,-0.9996805597549363,0.07266765145349235,-23.087678904727888,10.817232052030832,4.719915963588549
-5.204098289586301,6.717864180498706,-1.6223426936608463,-0.49477486232134704,-6.551100869521527,-0.9989538832404014,0.11986681108937784,-21.68796910794709,11.849320363896215,5.1648562540767236
-5.204098289586301,6.701640753562097,-1.8392223847403173,-0.5602858710165624,-6.432607665882564,-0.9977552151295076,0.17151537363014507,-20.258029423902666,12.666827841529704,5.438600121507592
-5.204098289586301,6.683248529714694,-2.041802678979344,-0.624611947675388,-6.305939387467268,-0.9960400613932061,0.225901374845221,-18.838794849508318,13.314481665814997,5.572365600434786
-5.204098289586301,6.6628305029249,-2.230190627474427,-0.6876713415500606,-6.172794570809118,-0.993781047644754,0.28162503084956886,-17.4587767597497,13.830319964116347,5.594978664677588
-5.204098289586301,6.640528596650156,-2.404778395071924,-0.7493992872581517,-6.034491371167954,-0.9909647973362583,0.3375748174963447,-16.13679894881803,14.245231290857307,5.531844680419412
-8.394356799094812,6.616480812699437,-2.566146384560104,-0.8097442009698312,-5.892039058259381,-0.9875890491612949,0.39289326430053884,-16.442436038215604,14.249352780787481,3.8042971054843364
-8.394356799094812,6.590819348853835,-2.73057074494226,-0.868664591552425,-5.749545530451506,-0.9836601165182894,0.4309362353553822,-15.257871623964377,14.563565375229217,3.640644787083018
-8.394356799094812,6.563513641404413,-2.8831494611819037,-0.9261600468569401,-5.603909876699214,-0.9793507541647356,0.4673426832262124,-14.154742890592896,14.829490011500996,3.443390764392466
-8.394356799094812,6.534682146792593,-3.024696890087833,-0.9821991456239323,-5.455614976584204,-0.9746773273324735,0.501776590870137,-13.132760139294321,15.056987054097977,3.2260018363086247
-8.394356799094812,6.504435177891715,-3.156024491480776,-1.0367552953897743,-5.305045106043225,-0.9696595614237721,0.5340366092332233,-12.189819990301991,15.2524812251254,2.9995009515197695
-8.394356799094812,6.472874932976907,-3.2779226913837958,-1.0898057464502064,-5.15252029379197,-0.9643191953314398,0.564031618748421,-11.322628264822672,15.419731559104164,2.772890473929486
-8.394356799094812,6.44009570606307,-3.3911489740320224,-1.141330949388126,-4.998322978200929,-0.9586788791439557,0.5917605234877159,-10.527139982812068,15.560486686740683,2.5535186184748055
-8.394356799094812,6.40618421632275,-3.496420373860143,-1.1913141791701354,-4.8427181113335225,-0.9527612739090785,0.6172957096724639,-9.798867922044048,15.675040097042103,2.3473828905523013
-8.394356799094812,6.371220012584148,-3.5944090530805832,-1.2397413602834706,-4.6859677103631014,-0.9465883168123539,0.6407695385779869,-9.13309905760836,15.762702038518297,2.159372154180467
-8.394356799094812,6.335275922053342,-3.6857400436566667,-1.2866010373871015,-4.528340689977918,-0.940180621426574,0.6623632601197916,-8.525047874446066,15.822202410866307,1.9934530807697672
-8.394356799094812,6.298418521616775,-3.7709905224011275,-1.3318844442868807,-4.3701186658692555,-0.9335569888253761,0.6822977909274893,-7.969967194463402,15.852034881634808,1.8528088082507495
-8.394356799094812,6.2607086163927645,-3.8506901943457614,-1.3755856309455732,-4.211598317052907,-0.9267340109161012,0.7008258790099968,-7.463230613806545,15.850748062093345,1.7399385818125659
-8.394356799094812,6.222201714449307,-3.925322500483827,-1.4177016141161023,-4.0530908364319735,-0.9197257521260013,0.7182252648281224,-7.000395645929663,15.817185831718257,1.6567274111481123
-8.394356799094812,6.182948489444469,-3.9953264569431233,-1.458232522480422,-3.894918978114791,-0.9125434994777201,0.7347925389396035,-6.577252970646154,15.750676375531517,1.6044945562392865
-8.394356799094812,6.142995224875038,-4.061098986649585,-1.4971817122615698,-3.737412214359476,-0.9051955740883241,0.7508374845019964,-6.189864600487895,15.651168469201457,1.5840290045491112
-8.394356799094812,6.102384235008542,-4.122997632654464,-1.5345558344051646,-3.580900529667461,-0.8976871992433041,0.7666777745474875,-5.834592127331336,15.51931402746436,1.5956190517089694
-8.394356799094812,6.061154258681998,-4.1813435539277775,-1.5703648397018393,-3.4257073893928176,-0.8900204214978292,0.7826339650645773,-5.5081153470326365,15.35649769043051,1.6390816950914797
-8.394356799094812,6.01934082314272,-4.236424707398104,-1.6046219135957673,-3.2721424124885123,-0.8821940818471835,0.7990247820154921,-5.207441310707688,15.16481682349517,1.7137958974446381
-8.394356799094812,5.976976576068739,-4.288499120505181,-1.6373433377206525,-3.120494244253561,-0.8742038340270286,0.8161627409899385,-4.9299040361086455,14.94701818828161,1.8187420293561758
-8.394356799094812,5.934091584863687,-4.337798160866267,-1.6685482801631881,-2.971024062370745,-0.8660422066171293,0.8343501612835003,-4.673155542759991,14.706400125945223,1.9525481346893623
-8.394356799094812,5.8907136032550245,-4.3845297162938675,-1.6982585207868957,-2.8239600611112925,-0.8576987050042942,0.8538756426303938,-4.4351493740153645,14.44669089862787,2.1135422531241344
-8.394356799094812,5.846868306092086,-4.428881210034021,-1.7264981213980086,-2.679493152125014,-0.8491599485779903,0.8750110651616352,-4.214118195389858,14.171914563389043,2.2998090056412397
-8.394356799094812,5.802579493991745,-4.471022391987919,-1.7532930529192587,-2.5377740064911234,-0.8404098379263739,0.8980091552180476,-4.00854731808261,13.886255334877958,2.5092480627514404
-8.394356799094812,5.757869270071866,-4.5111078651687455,-1.77867079298417,-2.3989114531423437,-0.8314297463741934,0.923101635845562,-3.8171460508565627,13.593929969214331,2.7396319601379076
-8.394356799094812,5.712758191420178,-4.549279325677311,-1.8026599075155936,-2.2629721534502005,-0.8221987300157378,0.9504979554469412,-3.6388186425050733,13.299075565246586,2.9886609303228475
-8.394356799094812,5.667265398163405,-4.585667512102362,-1.8252896290500955,-2.1299813977977347,-0.8126937504612685,0.9803845647501697,-3.47263628564757,13.005657693818163,3.254012872389185
-8.394356799094812,5.621408723042381,-4.620393874958838,-1.846589443028073,-1.999924820859553,-0.8028899048137668,1.0129246934740614,-3.31781127190637,12.71740128317829,3.5333871634693694
-8.394356799094812,5.575204784292793,-4.653571987677902,-1.8665886912366685,-1.8727508080277702,-0.7927606578790262,1.048258565108755,-3.1736739801968508,12.437744489827354,3.8245416154405927
-8.394356799094812,5.528669064416014,-4.68530872747987,-1.8853161993169463,-1.7483733631294966,-0.7822780722279387,1.086503981263161,-3.0396529938722225,12.169814046409751,4.12532241356295
-8.394356799094812,5.481815977141215,-4.715705257418592,-1.9027999329482412,-1.626675222665399,-0.771413032415307,1.1277572053987905,-2.9152583111592194,11.916419373126546,4.433687287697169
-8.394356799094812,5.434658924567029,-4.744857840530185,-1.9190666851748952,-1.5075110289341336,-0.7601354603613191,1.1720940782757623,-2.800067350695771,11.680062049316643,4.74772243801628
-8.394356799094812,5.387210346161727,-4.772858514037142,-1.9341417954642366,-1.3907104084409672,-0.7484145195785614,1.2195713026559252,-2.69371325847484,11.462956989573563,5.065653865771597
-8.394356799094812,5.339481761021356,-4.799795646621891,-1.9480488995486462,-1.2760808385452316,-0.7362188065520021,1.2702278413136412,-2.5958748814777284,11.267061745103257,5.385853760492885
-8.394356799094812,5.291483804555138,-4.825754395436668,-1.9608097079340985,-1.163410221094199,-0.7235165281388657,1.32408637891857,-2.5062676676532223,11.094110640558794,5.706842489602233
-8.394356799094812,5.243226260600771,-4.8508170721132,-1.9724438101450406,-1.0524691146886112,-0.71027566434968,1.3811548038145922,-2.424634659917107,10.945650854473767,6.027286546915623
-8.394356799094812,5.194718089879639,-4.875063418712371,-1.9829685012919267,-0.9430126061438735,-0.6964641163115342,1.4414276692837484,-2.350736651758958,10.823077972833298,6.345992561428595
-8.394356799094812,5.1459674556925155,-4.898570785229961,-1.9923986273533654,-0.8347818264155406,-0.6820498396186967,1.5048875948980345,-2.28434044373405,10.727668928682291,6.661897160123843
-8.394356799094812,5.096981747840216,-4.921414189667302,-2.0007464456175206,-0.7275051371287177,-0.6670009636697164,1.571506566499273,-2.2252039661818,10.660610546746017,6.974052125563468
-8.394356799094812,5.047767605943543,-4.94366622932912,-2.0080214969888077,-0.6208990316612575,-0.6512858980047237,1.6412470877549077,-2.1730568003960653,10.623022120967198,7.281603893494569
-8.394356799094812,4.998330943650251,-4.965396797333081,-2.0142304873054204,-0.5146688104515855,-0.6348734271271746,1.7140631266898534,-2.1275743305256447,10.61597056055507,7.58376599825127
-8.394356799094812,4.94867697567692,-4.986672540638337,-2.0193771754099363,-0.4085091048460348,-0.6177327958602761,1.7899007866723662,-2.08834339389501,10.640476654901525,7.8797825964520305
-8.394356799094812,4.898810250270537,-5.007555974577287,-2.0234622664583966,-0.30210433829701955,-0.5998337879935524,1.8686986126368865,-2.0548168873655013,10.69751094720051,8.168880690744373
-8.394356799094812,4.848734690524764,-5.028104143450943,-2.0264833098413666,-0.19512922882501443,-0.5811468018671835,1.9503874195443303,-2.026254379822276,10.787977594389128,8.450208156400786
-8.394356799094812,4.798453649090255,-5.048366687249166,-2.0284346021296167,-0.08724945288112315,-0.5616429276717402,2.034889501108338,-2.001645471174286,10.912684451256606,8.722754187323957
-8.394356799094812,4.7479699822177635,-5.068383141960909,-2.029307096658428,0.021877391631442908,-0.5412940326606568,2.1221170429815777,-1.9796125954382155,11.07229746430736,8.985248400439279
-8.394356799094812,4.6972861507981545,-5.088179267915291,-2.0290883227421137,0.1326003662745165,-0.520072862230841,2.2119695269859703,-1.958290466806353,11.267277285725159,9.23603469203835
-8.394356799094812,4.6464043581190015,-5.107762172583355,-2.0277623190793683,0.24527313913176807,-0.49795316696098135,2.3043298739063536,-1.9351808369774945,11.497795759416642,9.47291621535266
-8.394356799094812,4.595326736393168,-5.12711398095313,-2.0253095876880507,0.36025109672593447,-0.47490986822191783,2.3990590360598802,-1.906984269762686,11.763629453769976,9.692968821948435
-8.394356799094812,4.544055596583637,-5.146183823650757,-2.021707076720791,0.4778873912636342,-0.450919277861319,2.4959887242793646,-1.8694160148336916,12.064026501012533,9.892322372006921
-8.394356799094812,4.492593758347129,-5.164877983799094,-2.0169282028081548,0.5985276562737596,-0.4259593906185254,2.594911947999434,-1.8170216206886416,12.39754141164955,10.065913012188362
-8.394356799094812,4.440944978509139,-5.183048200005981,-2.0109429262454173,0.7225030703902551,-0.40001027113853105,2.6955710781213176,-1.7430203240147482,12.76183022359535,10.207215579319119
-8.394356799094812,4.3891144965090785,-5.200478403246128,-2.0037178955415147,0.8501213726262086,-0.3730545603573179,2.797643233914509,-1.6392204330569453,13.15339596880135,10.307974672485528
-8.394356799094812,4.337109712476617,-5.2168706075766975,-1.9952166818152526,0.9816553323142221,-0.3450781280181728,2.9007229806393644,-1.4960692690546102,13.567274161599453,10.357966778284974
-8.394356799094812,4.28494100640085,-5.231831300267244,-1.9854001284921103,1.1173280739302167,-0.31607089821177914,3.004302648422214,-1.302916468625734,13.996654480230044,10.34484512571178
-8.394356799094812,4.232622693398178,-5.244860464953501,-1.9742268477528082,1.2572946187325171,-0.286027871727557,3.107751099679332,-1.0485757109539429,14.432455477345453,10.254143609540503
-8.394356799094812,4.180174088748643,-5.25534622206304,-1.961653901565483,1.4016191735059718,-0.25495036073076366,3.210292535774737,-0.7222548529767611,14.862912349946866,10.06954303641883
-8.394356799094812,4.127620626528013,-5.262568770592808,-1.9476377098304234,1.5502482970054405,-0.2228474353730163,3.310987966138925,-0.3148756486604797,15.273306628999125,9.77352292064248
-8.394356799094812,4.074994938822085,-5.2657175270794125,-1.932135226860369,1.7029813632954318,-0.18973755571162704,3.40872319534535,0.17928572124242917,15.646048429570241,9.348517067861764
-8.394356799094812,4.022337763551291,-5.263924669866988,-1.9151054132274148,1.8594418475911343,-0.15565032375817353,3.5022083660239676,0.7608305480052546,15.961378074363624,8.778635713522995
-8.394356799094812,3.969698516852621,-5.256316364386936,-1.8965109947515035,2.0190556283347707,-0.12062824009793385,3.5899947231591973,1.4236650371946689,16.198922484478967,8.051888741275077
-8.394356799094812,3.9171353532087516,-5.242079714014989,-1.8763204384681558,2.1810448531795603,-0.08472829286634187,3.6705136105719482,2.154029665157375,16.340165720364652,7.162646487716141
-8.394356799094812,3.8647145560686016,-5.220539417363415,-1.8545099899363602,2.344446510383207,-0.04802315676062239,3.7421400754491096,2.9305136711068034,16.371572946263544,6.113858768770991
-8.394356799094812,3.8125091618949676,-5.191234280652347,-1.831065524832528,2.5081622398458423,-0.010601756006131294,3.8032786631368194,3.7252720413948603,16.287744587169932,4.918421524592294
-8.394356799094812,3.7605968190884442,-5.153981560238399,-1.8059839024340696,2.671039685717542,0.0274310306252369,3.852462878382742,4.506374560738039,16.093757931378544,3.599144572684048
-8.394356799094812,3.7090570034860604,-5.108917814631019,-1.7792735055768942,2.8319772650313273,0.06595565940906432,3.8884543241095826,5.2408956835555545,15.805945204664964,2.1870756193263476
-8.394356799094812,3.65796782533975,-5.056508857795463,-1.750953732926581,2.990036717077977,0.10484020265016014,3.910325080302846,5.898126242196416,15.450783161999174,0.718391237678027
-8.394356799094812,3.6074027367617956,-4.997527595373499,-1.7210533657558011,3.1445445486979686,0.1439434534531886,3.9175089926796263,6.452252717172335,15.062159384687103,-0.7695124799716604
-8.394356799094812,3.5574274608080607,-4.933005068201775,-1.6896079202688215,3.2951661425448395,0.18311854337998484,3.9098138678799095,6.884021801726166,14.677763354617285,-2.241895442235174
-8.394356799094812,3.508097410126043,-4.864164850184514,-1.656656258843373,3.4419437760910125,0.22221668205878395,3.8873949134575576,7.181208531266249,14.335522010555563,-3.669774014151359
-8.394356799094812,3.459455761624198,-4.792352764871851,-1.622236821082463,3.585298996196568,0.2610906311933595,3.850697173316044,7.338010128497605,14.070835880729057,-5.031818595869075
-8.394356799094812,3.4115322339754797,-4.718972663586875,-1.5863838311204972,3.726007355003859,0.29959760292651993,3.8003789873573535,7.353691707800273,13.91500938555914,-6.314995128180339
-8.394356799094812,3.364342507339611,-4.6454357465088725,-1.5491237575704586,3.86515744885945,0.3376013928000935,3.7372290360755502,7.2308759911779035,13.894892724169909,-7.514187796738814
-8.394356799094812,3.317888149874522,-4.573126986597093,-1.5104721830818642,4.0041063761011495,0.374973683160849,3.662087158108162,6.9738226008052004,14.033491247473188,-8.631178789694806
-8.394356799094812,3.272156880008551,-4.503388760589041,-1.4704311193208526,4.144441288575881,0.41159455474193063,3.5757753702112143,6.58694072617468,14.351184357616086,-9.673359033335553
-8.394356799094812,3.227122992402661,-4.437519353327294,-1.4289867064350938,4.287953132152042,0.4473523084440428,3.479041779877859,6.073678256706757,14.86718969641875,-10.652454224262238
-8.394356799094812,3.182747798869388,-4.376782570760226,-1.3861071751135734,4.43662502911623,0.4821427262428214,3.3725172376352366,5.435868735259087,15.600938740668527,-11.583426818609235
-8.394356799094812,3.138979973161786,-4.322423883407636,-1.341740924822411,4.592634416522915,0.5158678986191738,3.256682969449144,4.673614555749977,16.573023596143077,-12.483587639096404
-8.394356799094812,3.0957557343277093,-4.275687737850136,-1.295814580657182,4.758364652484346,0.5484347283136652,3.1318470930581803,3.7858523555166808,17.80526038406636,-13.371821389074546
-8.394356799094812,3.052998856949208,-4.237829214294969,-1.2482309341323385,4.93641725632501,0.5797531992442471,2.9981288791674348,2.771899317368332,19.31910778947174,-14.26767027972411
-8.394356799094812,3.0106205648062585,-4.210110221121286,-1.1988667615690884,5.129608334219727,0.6097344880359215,2.8554521763701937,1.6345413253843946,21.131060436856288,-15.189770756642773
-8.394356799094812,2.9685194625950455,-4.193764807867442,-1.147570678226891,5.34091893858829,0.6382890097996234,2.703554468803766,0.38562139066918916,23.24254416489508,-16.152709368645866
-8.394356799094812,2.926581814516371,-4.18990859396075,-1.0941614888410083,5.57334438023724,0.6653245544876611,2.5420273751173075,-0.9444003669555646,25.620146987974426,-17.16064898471319
-8.394356799094812,2.8846827285767636,-4.199352597630305,-1.0384280450386358,5.829545850116984,0.6907448282388342,2.3704208852701756,-2.291032611067224,28.159990296637467,-18.195062102210333
-8.394356799094812,2.8426892026004604,-4.222262923740978,-0.980132586537466,6.111145753083359,0.714449037091536,2.1884702642480724,-3.533094895606034,30.629446818364258,-19.19306805982448
-8.394356799094812,2.8004665733630505,-4.257593872697038,-0.9190211290066325,6.417440221267001,0.7363337397340167,1.9965395836498276,-4.464973949741139,32.586094979035714,-20.014213680186504
-8.394356799094812,2.7578906346360803,-4.30224361219445,-0.8548467267939625,6.743301171057358,0.756299135570515,1.7963974468479627,-4.77676281502636,33.30112840077951,-20.402345686164296
-8.394356799094812,2.714868198514136,-4.350011240344713,-0.7874137150833889,7.076312455065153,0.7742631100389946,1.5923739899863196,-4.077242456526983,31.778713295881822,-19.97355110576736
-8.394356799094812,2.6713680861106885,-4.390783664909983,-0.7166505905327374,7.3940995880239715,0.7901868499388578,1.3926384789286461,-2.0177696434239993,27.04196920032679,-18.297502030063473
-8.394356799094812,2.627460249461589,-4.410961361344223,-0.6427095946524977,7.664519280027239,0.8041132347281442,1.2096634586280115,1.4523453307646783,18.796404671437507,-15.133664084152167
-8.394356799094812,2.583350635848147,-4.396437908036576,-0.5660644018522253,7.8524833267416145,0.8162098693144243,1.0583268177864897,5.822332536203993,8.142663401010974,-10.731950683322117
-8.394356799094812,2.539386256767781,-4.338214582674536,-0.4875395685848091,7.933909960751724,0.8267931374922892,0.9510073109532686,10.063049085872523,-2.533228253352268,-5.876453215032122
-8.394356799094812,2.496004110941036,-4.237584091815811,-0.4082004689772919,7.908577678218202,0.8363032106018219,0.8922427788029474,13.13048106769483,-10.856992290652078,-1.4751580449888035
-8.394356799094812,2.453628270022878,-4.106279281138863,-0.32911469219510986,7.800007755311681,0.8452256383898513,0.8774911983530594,14.525103350621588,-15.789815923158939,1.942947508359674
-8.394356799094812,2.4125654772114893,-3.961028247632647,-0.25111461464199303,7.6421095960800915,0.854000550373382,0.8969206734366562,14.384240527059237,-17.711909081445942,4.337962045246023
-8.394356799094812,2.372955194735163,-3.8171858423620546,-0.1746935186811921,7.464990505265632,0.8629697571077485,0.9403002938891164,13.169772291006897,-17.61806461702138,5.932126038545367
-8.394356799094812,2.3347833363115424,-3.6854881194519855,-0.10004361362853577,7.2888098590954185,0.8723727600466397,0.9996215542745701,11.351673604661748,-16.43344024049176,6.98031720830932
-8.394356799094812,2.2979284551170225,-3.571971383405368,-0.027155515037581582,7.124475456690501,0.8823689755893853,1.0694247263576633,9.27176284878945,-14.780943558179406,7.674142239040745
-8.394356799094812,2.262208741282969,-3.4792537549174734,0.044089239529323435,6.976666021108707,0.8930632228529619,1.1461661487480708,7.1374004405086495,-13.012566276286515,8.134637589591419
-8.394356799094812,2.227416203733794,-3.407879750512387,0.11385589974041051,6.846540358345841,0.9045248843404426,1.2275125246439849,5.059074968716152,-11.304355224078202,8.431947035963955
-8.394356799094812,2.1933374062286703,-3.3572890008252254,0.18232130332386892,6.733496806105059,0.9168000095868825,1.3118319950036244,3.0882112762087415,-9.734346539993004,8.604462428171864
