th1 (rad),w1 (rad/s),th2 (rad),w2 (rad/s),a1 (rad/s^2),a2 (rad/s^2)
3.927069881968022,0.8333590455227112,0.5980826288950328,-0.8064878587244593,8.150196484812383,2.3601499946930717
3.9354034724232494,0.914861010370835,0.5900177503077882,-0.7828863587775285,8.255750710211366,2.4630327274154284
3.9445520825269575,0.9974185174729486,0.582188886720013,-0.7582560315033743,8.355423337463725,2.5462117657431027
3.954526267701687,1.080972750847586,0.5746063264049792,-0.7327939138459433,8.447720483758237,2.606739095340956
3.965335995210163,1.1654499556851683,0.5672783872665198,-0.7067265228925337,8.531208319985694,2.6417129049365573
3.9769904947670143,1.2507620388850254,0.5602111220375945,-0.6803093938431681,8.604541679084063,2.6483230231618085
3.9894981151558646,1.336807455675866,0.5534080280991628,-0.65382616361155,8.66649277740108,2.623897411796654
4.002866189712623,1.4234723834498768,0.5468697664630473,-0.6275871894935835,8.715979399758565,2.565948557664876
4.0171009135471225,1.5106321774474625,0.5405938945681115,-0.6019277039169347,8.752091940656804,2.472218563650548
4.032207235321597,1.5981530968540305,0.5345746175289421,-0.5772055182804292,8.774118764603184,2.340721736607209
4.048188766290138,1.6858942845000624,0.5288025623461378,-0.5537983009143571,8.781569439920645,2.169783499714212
4.065047709135138,1.773709978899269,0.5232645793369942,-0.5321004659172149,8.774195502722261,1.958074509752676
4.0827848089241305,1.8614519339264917,0.517943574677822,-0.5125197208196882,8.752008510607382,1.7046389252616554
4.101399328263396,1.9489720190325655,0.5128183774696251,-0.4954733315670717,8.715295239584698,1.4089158395987134
4.120889048453721,2.0361249714284124,0.5078636441539544,-0.48138417317108456,8.66462995576452,1.0707529559395434
4.141250298168005,2.122771270986058,0.5030498024222435,-0.47067664361168915,8.600883752197703,0.6904116354302685
4.162478010877866,2.208780108508035,0.4983430359861266,-0.4637725272573865,8.525230982101625,0.2685624960298794
4.184565811962946,2.294032418329051,0.4937053107135527,-0.4610869022970877,8.439152848574114,-0.1937292161423175
4.207506136146236,2.378423946814792,0.48909444169058186,-0.4630241944585109,8.344438238049824,-0.6950292091098368
4.231290375614384,2.4618683291952905,0.48446419974599675,-0.46997448654960927,8.243181923773033,-1.2335713353745135
4.255909058906337,2.5443001484330208,0.4797644548805007,-0.4823101999033544,8.137780331737341,-1.8073069415390677
4.281352060390667,2.625677951750394,0.47494135288146716,-0.5003832693187451,8.030925169995726,-2.413966785883714
4.307608839908171,2.705987203450351,0.4699375201882797,-0.5245229371775822,7.9255953859698405,-3.051135749166699
4.334668711942674,2.7852431573100493,0.4646922908165039,-0.5550342946692493,7.825048144547165,-3.716340348075378
4.3625211435157745,2.863493638755521,0.4591419478698114,-0.592197698150003,7.7328098165352515,-4.407148832717345
4.39115607990333,2.9408217369208733,0.45321997088831134,-0.6362691864771765,7.65266833138864,-5.121283442447918
4.420564297272539,3.0173484202347596,0.44685727902353956,-0.6874820209016557,7.588668674577107,-5.856744253763746
4.450737781474887,3.0932351069805306,0.439982458814523,-0.7460494634392931,7.54511379073209,-6.611944036075953
4.481670132544692,3.1686862448878514,0.4325219641801301,-0.8121689038000527,7.526573681920969,-7.385853699460789
4.51335699499357,3.243951981707061,0.4244002751421296,-0.8860274407946606,7.5379060643371165,-8.178158340179543
4.5457965148106405,3.319331042350432,0.41554000073418296,-0.967809024196456,7.584292574581322,-8.989424632051616
4.578989825234145,3.395173968096245,0.4058619104922184,-1.0577032705169722,7.671295221505072,-9.821281439039126
4.612941564915108,3.471886920311296,0.3952848777870487,-1.1559160849073635,7.804938603001496,-10.676617096870679
4.647660434118221,3.549936306341311,0.383725716937975,-1.2626822558760704,7.991824411859624,-11.559798885067966
4.683159797181633,3.6298545504599073,0.37109889437921434,-1.3782802447267501,8.239286023288873,-12.476922836190091
4.719458342686233,3.7122474106927963,0.35731609193194686,-1.503049473088651,8.55559258340941,-13.436105246531321
4.756580816793161,3.7978033365268904,0.34228559720106033,-1.6374105255539642,8.950214088656503,-14.447831070285066
4.794558850158429,3.8873054774134554,0.3259114919455207,-1.7818888362568148,9.434161490672185,-15.52537871732028
4.833431904932564,3.9816470923201774,0.30809260358295254,-1.9371426234300175,10.020418751706464,-16.685345329561827
4.873248375855765,4.081851279837242,0.2887211773486524,-2.1039960767256356,10.72448650630626,-17.948300553055155
4.914066888654138,4.189096144900304,0.26768121658139604,-2.283479082256187,11.565058206387755,-19.339598142375536
4.9559578501031405,4.304746726964182,0.24484642575883417,-2.4768750636799424,12.564846150935225,-20.890368841515205
4.999005317372783,4.430395188473534,0.22007767512203474,-2.6857787520950946,13.751559482847131,-22.63869472566945
5.043309269257518,4.567910783302006,0.1932198876010838,-2.9121656993517893,15.158993430818768,-24.630902456166847
5.088988377090538,4.7195007176101935,0.1640982306075659,-3.1584747239134576,16.828084887636237,-26.922762936503823
5.13618338426664,4.887781566486556,0.13251348336843133,-3.427702353278496,18.80755071308339,-29.58004479350996
5.185061199931505,5.07585707361739,0.09823645983564637,-3.7235028012135953,21.15319470120231,-32.67711804946928
5.235819770667679,5.287389020629413,0.061001431823510414,-4.050273981708288,23.923811947279752,-36.29067200187449
5.288693660873974,5.52662714010221,0.020498692006427538,-4.413180701727033,27.16913857921332,-40.48212002602876
5.343959932274996,5.798318525894343,-0.023633115010842788,-4.81800190198732,30.90012678402153,-45.255001378281946
5.401943117533939,6.1073197937345585,-0.07181313403071599,-5.27055191577014,35.021703325838835,-50.459480726429994
5.463016315471285,6.457536826992947,-0.12451865318841739,-5.77514672303444,39.19118488792426,-55.59223088915987
5.527591683741215,6.84944867587219,-0.18227012041876178,-6.331069031926038,42.54931484523414,-59.41736791590516
5.5960861704999365,7.274941824324531,-0.24558081073802218,-6.925242711085089,43.310062752794884,-59.38965237772553
5.668835588743182,7.708042451852481,-0.31483323784887307,-7.519139234862345,38.480296693447116,-51.26304487282669
5.745916013261707,8.092845418786952,-0.3900246301974965,-8.031769683590612,24.781207105617934,-30.39583587847472
5.826844467449576,8.340657489843132,-0.4703423270334026,-8.33572804237536,2.2490176577715055,3.1664827482088267
5.9102510423480075,8.363147666420847,-0.5536996074571562,-8.304063214893272,-21.984276539936932,39.353672648684416
5.993882519012216,8.143304901021478,-0.6367402396060889,-7.910526488406428,-38.01628635266084,64.1506313327718
6.075315568022431,7.76314203749487,-0.7158455044901533,-7.26902017507871,-42.76921134907938,73.11423026263496
6.152946988397379,7.335449924004076,-0.7885357062409404,-6.53787787245236,-40.12517484427127,71.61044588227539
6.22630148763742,6.934198175561363,-0.853914484965464,-5.821773413629606,-34.616065986373975,65.97176706092912
6.295643469393033,6.588037515697623,-0.91213221910176,-5.162055743020315,-28.734962459852962,59.704262901231225
6.3615238445500095,6.300687891099093,-0.9637527765319631,-4.565013114008003,-23.418441575316916,54.13999208610163
6.424530723461,6.0665034753459235,-1.0094029076720432,-4.0236131931469865,-18.885285423134167,49.60054153947797
6.485195758214459,5.877650621114582,-1.0496390396035131,-3.527607777752207,-15.096426803947688,46.037874142010175
6.543972264425605,5.726686353075105,-1.0849151173810352,-3.067229036332105,-11.944291889048602,43.29935109190903
6.601239127956356,5.607243434184619,-1.1155874077443562,-2.6342355254130148,-9.319721177986374,41.22221557103102
6.657311562298203,5.5140462224047555,-1.1419297629984864,-2.2220133697027045,-7.131484240737649,39.66183705023766
6.71245202452225,5.442731379997379,-1.1641498966955135,-1.825394999200328,-5.309044222318262,38.49649832939738
6.766879338322224,5.389640937774196,-1.1824038466875169,-1.440430015906354,-3.8000844717137845,37.62489609343824
6.820775747699966,5.351640093057058,-1.1968081468465803,-1.0641810549719717,-2.5668684760452596,36.962147610840454
6.874292148630537,5.325971408296605,-1.2074499573963,-0.6945595788635671,-1.5827421911557864,36.43621389045046
6.927551862713503,5.3101439863850475,-1.2143955531849357,-0.33019743995906253,-0.8291070552675245,35.98523842539178
6.980653302577353,5.301852915832372,-1.2176975275845263,0.029654944294855268,-0.29287528481604547,35.55580743435356
7.033671831735677,5.298924162984211,-1.2174009781415778,0.38521301863839086,0.035656092234025036,35.10197665044828
7.086661073365519,5.299280723906552,-1.213548847955194,0.7362327851428736,0.16456938239801014,34.58486445730824
7.139653880604585,5.300926417730532,-1.2061865201037651,1.082081429715956,0.1017581636106097,33.972605136593586
7.19266314478189,5.301943999366639,-1.1953657058066056,1.421807481081892,-0.14396751715123543,33.240465974953196
7.245682584775556,5.300504324195127,-1.1811476309957867,1.754212140831424,-0.5621090713930216,32.37095382122296
7.2986876280175075,5.294883233481197,-1.1636055095874724,2.0779216790436537,-1.1400440848453437,31.353771111487067
7.35163646035232,5.283482792632743,-1.1428262927970358,2.3914593901585244,-1.8629160720007607,30.185527885224698
7.404471288278647,5.264853631912735,-1.1189116988954506,2.693314669010771,-2.7138142749221266,28.86917092679658
7.457119824597775,5.237715489163514,-1.091978552205343,2.982006378278737,-3.6741840074826997,27.413146627711036
7.50949697948941,5.200973649088687,-1.0621584884225554,3.2561378445558473,-4.724388949751996,25.830361735510003
7.561506715980297,5.153729759591167,-1.029597109976997,3.5144414619109474,-5.844338172653973,24.137038121868578
7.613044013576209,5.095286377864627,-0.9944526953578875,3.7558118431296332,-7.01409474200699,22.351569610985084
7.6639968773548555,5.0251454304445575,-0.9568945769265912,3.9793275392394842,-8.214398528120912,20.49348069810596
7.714248331659301,4.943001445163349,-0.9171013015341963,4.184262346220544,-9.42705972237496,18.582562710114857
7.763678346110935,4.848730847939599,-0.8752586780719909,4.370087973321692,-10.635206539956663,16.63822934824964
7.8121656545903315,4.742378782540032,-0.831557798338774,4.536470266804189,-11.823395689130697,14.679098074398958
7.859589442415732,4.624144825648726,-0.786193095670732,4.683261247548178,-12.977613559379463,12.72277290345527
7.9058308906722194,4.494368690054931,-0.7393604831952503,4.810488976582731,-14.085207567042573,10.785782172345348
7.950774577572769,4.353516614384505,-0.691255593429423,4.918346798306184,-15.13479026722339,8.883613658505748
7.994309743716614,4.202168711712271,-0.6420721254463612,5.007182934891242,-16.11615465083825,7.030788752928522
8.036331430833737,4.041007165203888,-0.5920002960974488,5.077490822420527,-17.020229348431748,5.240925452212567
8.076741502485776,3.870804871719571,-0.5412253878732435,5.129900076942653,-17.83908953561944,3.5267540451509625
8.115449551202971,3.6924139763633765,-0.489926387103817,5.165167617394163,-18.56602550912917,1.9000665511217578
8.152373690966606,3.506753721272085,-0.43827471092987536,5.184168282905381,-19.195658291234786,0.37159835164755817
8.187441228179326,3.314797138359737,-0.38643302810082153,5.1878842664218565,-19.724081925468045,-1.0491444171036166
8.220589199562923,3.1175563191050566,-0.334554185436603,5.1773928222508205,-20.149006488799255,-2.354087114419937
8.251764762753973,2.916066254217064,-0.2827802572140948,5.153851951106621,-20.46987474339356,-3.5367880332852444
8.280925425296145,2.7113675067831284,-0.23124173770302855,5.118484070773769,-20.687928566897956,-4.592608119169519
8.308039100363976,2.504488221114149,-0.18005689699529087,5.072557989582074,-20.806207981907544,-5.518822438865544
8.333083982575117,2.2964261412950737,-0.12933131709947013,5.017369765193418,-20.82947443287388,-6.314654840770541
8.356048243988067,2.088131396966335,-0.07915761944753594,4.954223216785713,-20.764059394783104,-6.981227172739559
8.37692955795773,1.8804908030185041,-0.029615387279678808,4.884410945058317,-20.61764797077302,-7.521424566458023
8.395734465987916,1.674314323310774,0.019228722170904364,4.809196699393737,-20.399013691482043,-7.939687136540931
8.412477609221023,1.4703241863959535,0.06732068916484174,4.7297998280283275,-20.117724595227937,-8.241744900853602
8.427180851084982,1.2691469404436742,0.11461868744512502,4.647382379019792,-19.783841702078124,-8.434316285582142
8.43987232048942,1.071308523422893,0.16109251123532292,4.56303921616397,-19.407629517453312,-8.524791257548552
8.450585405723649,0.8772322282483598,0.20672290339696262,4.477791303588485,-18.999294852891257,-8.520918378580506
8.459357728006133,0.6872392797194472,0.25150081643284744,4.39258211980268,-18.568765817654317,-8.430511610934811
8.466230120803328,0.501551621542904,0.29542663763087423,4.308277003693331,-18.125518080804003,-8.26118830670154
8.471245637018757,0.32029644073486396,0.33850940766780757,4.225665120626316,-17.678451057539544,-8.020145209250062
8.474448601426106,0.14351193015946853,0.3807660588740707,4.145463668533815,-17.235812964674697,-7.71397504320068
8.475883720727701,-0.02884619948727843,0.4222206955594089,4.068323918101808,-16.805170937068475,-7.3485227364411125
8.47559525873283,-0.19689790885796318,0.46290393474042696,3.994838690737397,-16.393420636554602,-6.92877768017229
8.47362627964425,-0.3608321152235092,0.5028523216478009,3.925550913935674,-16.006828919767273,-6.458796717036814
8.470017958492015,-0.520900404421182,0.5421078307871576,3.860962946765306,-15.651102980119727,-5.941651680132939
8.464808954447804,-0.6774114342223793,0.5807174602548106,3.8015464299639765,-15.331479720808254,-5.379395168278169
8.45803484010558,-0.8307262314304618,0.6187329245544504,3.747752478281195,-15.052829717717211,-4.773038718555973
8.449727577791275,-0.9812545286076338,0.6562104493372624,3.700022091095635,-14.819770762027877,-4.122538553317054
8.4399150325052,-1.1294522362279127,0.6932106702482187,3.6587967055624646,-14.6367863959808,-3.4267856459171666
8.42862051014292,-1.2758201001877207,0.7297986373038433,3.6245288491032928,-14.508344806470955,-2.6835991049335184
8.415862309141042,-1.4209035482524304,0.7660439257948762,3.5976928580539576,-14.439012580241696,-1.8897251443750493
8.401653273658518,-1.5652936740548473,0.8020208543754158,3.578795606610207,-14.433555662936874,-1.0408487901845276
8.386000336917968,-1.709629230684216,0.8378088104415179,3.568387118708362,-14.49701564939794,-0.1316330003160048
8.368904044611126,-1.8545993871781954,0.8734926816286015,3.567070788705202,-14.634742069381746,0.8441882613752612
8.350358050739343,-2.0009468078720127,0.9091633895156536,3.5755126713189544,-14.852348715177177,1.8936175371305313
8.330348582660623,-2.1494702950237845,0.9449185162288432,3.5944488466902595,-15.155541277148073,3.024026243332638
8.308853879710385,-2.301025707795265,0.9808630046957457,3.6246891091235858,-15.549729979449564,4.242487954917238
8.285843622632433,-2.4565230075897606,1.0171098957869815,3.667113988672758,-16.039287734689474,5.554612850066529
8.261278392556536,-2.616915884936655,1.0537810356737092,3.7226601171734233,-16.626232411412666,6.962567156685544
8.235109233707169,-2.783178209050782,1.0910076368454433,3.7922857887402786,-17.307991132901453,8.461790274155447
8.207277451616662,-2.9562581203797964,1.128930494732846,3.876903691481833,-18.073740819962204,10.035690194529439
8.177714870412863,-3.136995528579418,1.1676995316476644,3.9772605934271277,-18.898633581710236,11.64733465015022
8.14634491512707,-3.3259818643965207,1.2074721375819357,4.093733939928629,-19.735104101993937,13.226996564830143
8.113085096483106,-3.52333290541646,1.248409476981222,4.226003905576931,-20.500696591500954,14.65474992812106
8.07785176742894,-3.7283398713314693,1.2906695160369912,4.372551404858142,-21.063084151794225,15.739054357055007
8.040568368715626,-3.9389707128494114,1.3343950300855727,4.529941948428692,-21.226363940110982,16.197082372133934
8.001178661587131,-4.151234352250521,1.3796944495698595,4.691912772150031,-20.729675822461218,15.6523876776845
7.959666318064626,-4.358531110475133,1.42661357729136,4.848436648926876,-19.27904258577458,13.679465914052376
7.916081006959875,-4.551321536332879,1.4750979437806286,4.9852313080674,-16.63754519578586,9.930834635971303
7.870567791596546,-4.717696988290737,1.5249502568613027,5.084539654427113,-12.77585024808354,4.349887567716355
7.823390821713638,-4.845455490771573,1.575795653405574,5.128038530104276,-8.01640457607411,-2.6239739518745884
7.7749362668059225,-4.925619536532314,1.6270760387066168,5.10179879058553,-3.033721267328821,-10.051706795457617
7.7256800714406,-4.955956749205602,1.678094026612472,5.001281722630954,1.374230075500942,-16.813195755908307
7.676120503948543,-4.942214448450593,1.7281068438387814,4.83314976507187,4.620518505412537,-22.07670138850241
7.626698359464037,-4.896009263396468,1.7764383414895002,4.612382751186846,6.518908738049756,-25.567471320064854
7.577738266830073,-4.83082017601597,1.8225621690013687,4.3567080379861975,7.226377706886587,-27.490709789766868
7.5294300650699135,-4.758556398947104,1.8661292493812307,4.081800940088529,7.058676825954789,-28.275840013722025
7.481844501080443,-4.687969630687556,1.906947258782116,3.799042539951309,6.334321335162695,-28.359112251452636
7.434964804773567,-4.6246264173359295,1.944937684181629,3.5154514174367826,5.302024469319518,-28.081856187629707
7.388718540600207,-4.571606172642734,1.980092198355997,3.2346328555604855,4.129931467615342,-27.674632511775528
7.34300247887378,-4.530306857966581,2.012438526911602,2.9578865304427304,2.9213168355377412,-27.278262040038804
7.297699410294114,-4.501093689611204,2.042017392216029,2.6851039100423426,1.734995438553465,-26.971511418720763
7.252688473398002,-4.483743735225669,2.0688684313164525,2.4153887958551348,0.6020900223552739,-26.793800745743983
7.207851036045745,-4.477722835002116,2.0930223192750037,2.1474507883976948,-0.4623130279148127,-26.76086663980895
7.163073807695723,-4.482345965281264,2.114496827158981,1.8798421219996053,-1.4517071914850388,-26.874626073374657
7.118250348042911,-4.496863037196115,2.133295248378977,1.6110958612658588,-2.363612374488248,-27.12902758544304
7.07328171767095,-4.5204991609409975,2.1494062069916353,1.3398055854114284,-3.1968727293284642,-27.513346829830976
7.02807672606154,-4.552467888234282,2.1628042628457496,1.0646721171131186,-3.950087562416543,-28.013930205779403
6.9825520471791975,-4.591968763858447,2.1734509840168807,0.7845328150553246,-4.620724181373257,-28.615029516371674
6.936632359540613,-4.63817600567218,2.181296312167434,0.4983825198916078,-5.204643630580913,-29.299127305322337
6.890250599483891,-4.690222441977989,2.18628013736635,0.20539124683838444,-5.695885862512953,-30.047000675276152
6.843348375064111,-4.747181300603119,2.188334049834734,-0.09507875991437709,-6.086631454524555,-30.837680401155545
6.79587656205808,-4.808047615148364,2.18738326223559,-0.40345556392593257,-6.367298666346199,-31.64840846272026
6.747796085906597,-4.871720601811826,2.183348706596331,-0.7199396485531351,-6.52675796351803,-32.45466477468513
6.699078879888479,-4.936988181447006,2.1761493101107994,-1.0444862962999863,-6.55265751983318,-33.23031264120906
6.649708998074009,-5.002514756645338,2.1657044471477995,-1.376789422712077,-6.431856517003142,-33.94789595604705
6.599683850507556,-5.06683332181537,2.1519365529206786,-1.7162683822725473,-6.150960762003494,-34.57910575809214
6.549015517289402,-5.128342929435405,2.134773869097953,-2.062059439853469,-5.696949130610207,-35.09541778594236
6.497732087995048,-5.185312420741507,2.1141532746994187,-2.4130136177128927,-5.0578713762405325,-35.46888610185977
6.445878963787632,-5.2358911345039125,2.0900231385222896,-2.7677024787314903,-4.223589709995985,-35.67306187151901
6.393520052442593,-5.278127031603872,2.0623461137349746,-3.1244330974466803,-3.1865300012136344,-35.683992983657944
6.340738782126555,-5.309992331616009,2.0311017827605076,-3.48127302728326,-1.942404863004186,-35.48125152842875
6.287638858810395,-5.329416380246051,1.996289052487675,-3.8360855425675475,-0.4908709401577382,-35.04893378099701
6.234344695007934,-5.334325089647628,1.9579281970619995,-4.186574880377518,1.1639139661734412,-34.37658150034698
6.181001444111458,-5.322685949985893,1.9160624482582242,-4.530340695380987,3.012863187247031,-33.459982571835425
6.127774584611599,-5.292557318113423,1.8707590413044144,-4.864940521099341,5.041687443127676,-32.301820227935195
6.074849011430464,-5.242140443682146,1.822109636093421,-5.187958723378693,7.230797569862818,-30.91214940485628
6.022427606993642,-5.169832467983518,1.770230048859634,-5.497080217427256,9.55540806313198,-29.30868287102049
5.970729282313807,-5.074278387352198,1.7152592466853616,-5.790167046137461,11.985870885041802,-27.516867205414897
5.919986498440285,-4.95441967850178,1.657357576223987,-6.06533571819161,14.488274390775386,-25.56972117377905
5.870442301655268,-4.809536934594026,1.5967042190420708,-6.321032929929401,17.025343069426192,-23.507401446839136
5.822346932309327,-4.6392835038997635,1.5334938897427768,-6.556106944397792,19.557664565694115,-21.376460016898598
5.775954097270329,-4.443706858242822,1.467932820298799,-6.769871544566778,22.045247104969114,-19.228771181636123
5.731517028687901,-4.223254387193131,1.400234104853131,-6.9621592563831385,24.449372583526536,-17.120137848791163
5.68928448481597,-3.978760661357865,1.3306125122892998,-7.1333606348710505,26.73466297814236,-15.108636155704557
5.649496878202392,-3.7114140315764415,1.2592789059405893,-7.2844469964280965,28.871230292363105,-13.252816626637014
5.612382737886628,-3.4227017286528105,1.1864344359763084,-7.416975162694467,30.836746022694083,-11.60993673087412
5.578155720600099,-3.1143342684258695,1.1122646843493638,-7.533074530003208,32.61825749022966,-10.234439331650997
5.5470123779158405,-2.788151693523573,1.0369339390493317,-7.635418923319717,34.213602743535475,-9.17690246736095
5.519130860980605,-2.446015666088218,0.9605797498161346,-7.727187947993326,35.63233217612396,-8.483663353407596
5.494670704319723,-2.0896923443269784,0.8833078703362013,-7.812024581527402,36.89612330662771,-8.19726705261228
5.473773780876453,-1.7207311112607013,0.8051876245209273,-7.893997252053525,38.038757473707676,-8.357817860542188
5.456566469763846,-1.3403435365236245,0.726247652000392,-7.9775754306589475,39.10579083306358,-9.005229106763434
5.4431630343986095,-0.9492856281929887,0.6464718976938025,-8.067627721726582,40.15407066049242,-10.18227458481372
5.43367017811668,-0.5477449215880644,0.5657956204765368,-8.16945046757472,41.251186429036956,-11.938215806199848
5.428192728900799,-0.13523305729769486,0.48410111580078957,-8.288832625636719,42.47474132805042,-14.332532923689092
5.426840398327823,0.28951435598280933,0.4012127895444224,-8.43215795487361,43.91085068664813,-17.437730057428137
5.42973554188765,0.7286228628492907,0.3168912099956863,-8.606535255447891,45.65021825448125,-21.338883433761325
5.437021770516143,1.1851250453941033,0.2308258574412074,-8.819924089785504,47.77783684673445,-26.124597688195887
5.448873020970084,1.6629034138614478,0.14262661654335235,-9.081170066667463,50.34736319548586,-31.85729160624012
5.465502055108699,2.1663770458163065,0.05181491587667772,-9.399742982729864,53.32070483227765,-38.49623399920332
5.487165825566862,2.699584094139083,-0.04218251395062092,-9.784705322721896,56.433107718438194,-45.718349800041366
5.514161666508253,3.2639151713234646,-0.14002956717783988,-10.241888820722309,58.91416083446293,-52.53892440618171
5.546800818221487,3.853056779668094,-0.242448455385063,-10.767278064784126,58.99337819598583,-56.627766255725064
5.585331386018168,4.442990561627952,-0.35012123603290424,-11.333555727341377,53.33617170127601,-53.50916582908798
5.6297612916344475,4.976352278640713,-0.463456793306318,-11.868647385632256,37.46789742452366,-37.08896534498282
5.679524814420855,5.351031252885949,-0.5821432671626405,-12.239537039082084,9.573847114434892,-4.799506289709034
5.733035126949715,5.446769724030299,-0.7045386375534614,-12.287532101979174,-23.201428350127365,33.834866855408
5.7875028241900175,5.214755440529025,-0.8274139585732531,-11.949183433425095,-47.3516279483548,60.84106191596686
5.839650378595308,4.741239161045477,-0.946905792907504,-11.340772814265426,-56.86361326123576,68.60774252603412
5.8870627702057625,4.1726030284331195,-1.0603135210501582,-10.654695389005084,-56.232060549532,63.56088686401219
5.928788800490094,3.610282422937799,-1.166860474940209,-10.019086520364963,-51.58879873800408,53.95210392843479
5.964891624719471,3.094394435557758,-1.2670513401438586,-9.479565481080616,-46.300117684269715,44.11190209694138
5.995835569075049,2.631393258715061,-1.3618469949546648,-9.038446460111203,-41.58828027273496,35.478946209308184
6.0221495016621995,2.2155104559877112,-1.4522314595557768,-8.68365699801812,-37.7275325708888,28.27018491269928
6.044304606222076,1.8382351302788233,-1.539068029535958,-8.400955148891128,-34.668090283649896,22.31862020099741
6.062686957524865,1.4915542274423244,-1.6230775810248692,-8.177768946881155,-32.27781541352709,17.384050556221204
6.077602499799288,1.1687760733070536,-1.7048552704936808,-8.003928441318942,-30.42238417141047,13.248686604971457
6.0892902605323584,0.8645522315929488,-1.7848945549068702,-7.871441575269228,-28.98682417862626,9.73796199173981
6.097935782848288,0.5746839898066862,-1.8636089706595624,-7.774061955351829,-27.8776705995,6.718393549963938
6.103682622746355,0.29590728381168624,-1.9413495902130808,-7.70687801985219,-27.019612837049497,4.090047079915819
6.106641695584472,0.02571115544119129,-2.0184183704116028,-7.665977549053031,-26.351254392037298,1.7790376655836602
6.106898807138884,-0.2378013884791817,-2.095078145902133,-7.648187172397194,-25.821365901033996,-0.26858679380407435
6.104520793254092,-0.4960150474895217,-2.171560017626105,-7.650873040335235,-25.385920817252412,-2.0915120010852775
6.099560642779196,-0.7498742556620458,-2.2480687480294574,-7.671788160346088,-25.005869367326458,-3.7166440148420015
6.092061900222576,-0.9999329493353104,-2.3247866296329183,-7.708954600494508,-24.645530478483266,-5.161721746480353
6.082062570729223,-1.246388254120143,-2.4018761756378635,-7.7605718179593115,-24.271485969388287,-6.437311380686992
6.069598688188021,-1.4891031138140258,-2.4794818938174568,-7.824944931766181,-23.851884373058034,-7.5483756379801985
6.054707657049881,-1.7276219575446061,-2.5577313431351185,-7.900428688145983,-23.3560826729034,-8.495553193345184
6.037431437474435,-1.9611827842736402,-2.6367356300165783,-7.9853842200794345,-22.75456728606375,-9.276235138940791
6.017819609631699,-2.1887284571342778,-2.7165894722173727,-8.078146571468842,-22.019100742456654,-9.885485695808953
5.995932325060356,-2.4089194645588443,-2.7973709379320613,-8.177001428426932,-21.123040134671385,-10.316823370915346
5.971843130414768,-2.620149865905558,-2.8791409522163307,-8.280169662136085,-20.04177158312264,-10.562858087439801
5.945641631755712,-2.8205675817367846,-2.9619426488376916,-8.385798243010484,-18.7532067835723,-10.615772869207948
5.917435955938344,-3.0080996495725074,-3.0458006312677965,-8.491955971702563,-17.238298534484194,-10.467649505696246
5.887354959442619,-3.1804826349173494,-3.1307201909848223,-8.596632466759525,-15.48155603302798,-10.110669051166036
5.855550133093446,-3.335298195247629,-3.216686515652418,-8.697739157271185,-13.471578186038151,-9.53726879224905
5.822197151140969,-3.4700139771080107,-3.3036639072251295,-8.793111845193675,-11.201668674202411,-8.740399282644997
5.787497011369889,-3.582030663850035,-3.3915950256770664,-8.880515838020125,-8.670636706728688,-7.714081033075152
5.751676704731389,-3.6687370309173217,-3.4804001840572676,-8.957656648350877,-5.883901533922763,-6.454484621381628
5.714989334422215,-3.7275760462565493,-3.5699767505407762,-9.022201494564694,-2.8549825182435917,-4.961720054780718
5.67771357395965,-3.7561258714389854,-3.660198765486423,-9.071818695112501,0.3926496448458352,-3.2423955948986976
5.640152315245261,-3.752199374990527,-3.750916952437548,-9.104242651061488,3.8235636652262603,-1.3127858413927764
5.602630321495355,-3.7139637383382644,-3.8419593789481628,-9.117370509475416,7.388627218084322,0.7978396630244549
5.565490684111973,-3.6400774661574213,-3.933133084042917,-9.109392112845171,11.024166224036378,3.044462163308162
5.5290899094503985,-3.5298358039170576,-4.024227005171369,-9.078947491212089,14.652744178904493,5.365043166837459
5.493791551411228,-3.383308362128013,-4.11501648008349,-9.025297059543714,18.18616070228237,7.681591973585668
5.4599584677899475,-3.2014467551051893,-4.205269450678927,-8.948481139807857,21.530888240852086,9.904067523160036
5.427944000238895,-2.9861378726966685,-4.294754262077006,-8.849440464576256,24.59557491246823,11.936979972074493
5.398082621511929,-2.7401821235719863,-4.383248666722769,-8.73007066485551,27.299602077189192,13.687814677625493
5.370680800276209,-2.4671861028000945,-4.470549373371323,-8.593192518079256,29.581230104187192,15.075800133426585
5.346008939248208,-2.1713738017582225,-4.556481298552116,-8.44243451674499,31.403798302321302,16.039323648067768
5.324295201230626,-1.8573358187350095,-4.640905643719566,-8.282041280264313,32.75883124744423,16.540572569879508
5.305721843043276,-1.5297475062605672,-4.723726056522209,-8.116635554565518,33.665625288510135,16.566655242980502
5.290424367980671,-1.1930912533754658,-4.804892412067864,-7.950969002135713,34.167693007190195,16.127286573789572
5.278493455446916,-0.8514143233035638,-4.884402102089221,-7.789696136397817,34.32706353306398,15.24982245907827
5.26997931221388,-0.508143687972924,-4.9622990634532,-7.637197911807034,34.21771074290487,13.972800206407863
5.26489787533415,-0.16596658054387525,-5.03867104257127,-7.497469909742955,33.91930079875863,12.339147105950026
5.263238209528712,0.17322642744371103,-5.1136457416687,-7.374078438683455,33.512127909409244,10.389947496289105
5.2649704738031495,0.5083477065378035,-5.187386526055534,-7.270178963720563,33.073700305886625,8.159260360902568
5.270053950868528,0.8390847095966698,-5.26008831569274,-7.188586360111538,32.677079266118696,5.670090962697206
5.278444797964495,1.1658555022578567,-5.331974179293855,-7.131885450484566,32.390834026023136,2.9313229813107866
5.290103352987074,1.4897638425180881,-5.4032930337987,-7.102572220671457,32.28036622935879,-0.06476387132138821
5.305000991412254,1.812567504811676,-5.474318756005415,-7.103219859384671,32.410350811448794,-3.344844762938919
5.323126666460371,2.136671012926164,-5.545350954599262,-7.136668307014061,32.84808703123323,-6.957220899198348
5.344493376589632,2.465151883238496,-5.616717637669402,-7.206240516006044,33.66759022836943,-10.975176617054602
5.369144895422017,2.8018277855221907,-5.688780042829462,-7.31599228217659,34.954184181704704,-15.50114689304508
5.397163173277239,3.1513696273392378,-5.761939965651228,-7.471003751107041,36.80897806670495,-20.671189247212933
5.428676869550631,3.5194594080062873,-5.8366500031622985,-7.6777156435791705,39.35146426864407,-26.65760816007509
5.463871463630694,3.912974050692728,-5.91342715959809,-7.944291725179921,42.715400439938584,-33.66332549869056
5.503001204137621,4.340128055092114,-5.992870076849889,-8.280924980166827,47.025296651510665,-41.89076235493479
5.546402484688542,4.8103810216072205,-6.075679326651557,-8.699832603716175,52.32147165845949,-51.441142015479855
5.5945062949046145,5.333595738191815,-6.1626776526887195,-9.214244023870974,58.35666379039804,-62.037324595128545
5.647842252286533,5.917162376095796,-6.254820092927429,-9.834617269822258,64.0985910812344,-72.33861482824905
5.70701387604749,6.55814828690814,-6.353166265625651,-10.558003418104748,66.6871919030078,-78.49224298299951
5.772595358916572,7.225020205938218,-6.458746299806698,-11.342925847934744,59.98938687085116,-72.10583070544014
5.844845560975954,7.82491407464673,-6.5721755582860455,-12.063984154989145,35.43737486242127,-41.36064542880193
5.923094701722421,8.179287823270943,-6.692815399835937,-12.477590609277165,-7.990896935625042,15.197013338866713
6.004887579955131,8.099378853914693,-6.817591305928709,-12.325620475888497,-50.74753517987147,70.70136821315087
6.085881368494278,7.591903502115978,-6.940847510687594,-11.618606793756989,-70.51926297065388,94.77450892351658
6.161800403515438,6.88671087240944,-7.057033578625164,-10.670861704521823,-69.47348060073777,90.84708869410224
6.230667512239533,6.191976066402062,-7.163742195670382,-9.7623908175808,-60.537348636431304,76.74134065521704
6.292587272903553,5.586602580037749,-7.26136610384619,-8.994977411028628,-51.005788397624514,62.26929088286202
6.348453298703931,5.076544696061504,-7.351315877956476,-8.372284502200008,-43.00876662758309,50.15068196412454
6.399218745664546,4.646457029785672,-7.435038722978476,-7.870777682558763,-36.742386015545605,40.51933569815161
6.445683315962403,4.279033169630217,-7.513746499804063,-7.465584325577247,-31.92269274167202,32.90392109379689
6.488473647658705,3.9598062422134963,-7.588402343059836,-7.1365451146392775,-28.224263273390747,26.808630567004748
6.52807171008084,3.6775636094795887,-7.659767794206228,-6.86845880896923,-25.380518375116704,21.83732579796929
6.564847346175636,3.4237584257284217,-7.728452382295921,-6.6500855509895365,-23.190909571022445,17.696255153380992
6.59908493043292,3.191849330018197,-7.794953237805816,-6.473122999455726,-21.507547982263233,14.172449759974032
6.631003423733103,2.9767738501955647,-7.859684467800373,-6.331398501855986,-20.220505657098137,11.112640872646088
6.660771162235058,2.7745687936245833,-7.922998452818933,-6.220272093129525,-19.245864983409728,8.407491002503601
6.688516850171304,2.582110143790486,-7.985201173750228,-6.136197183104489,-18.516631283810753,5.980898613310318
6.714337951609209,2.3969438309523783,-8.046563145581274,-6.0763881969713855,-17.97582350586169,3.7831979114009986
6.738307389918733,2.217185595893761,-8.107327027550989,-6.0385562178573755,-17.571103414740403,1.787120216181534
6.76047924587767,2.041474561746357,-8.167712589729563,-6.02068501569556,-17.250553616574834,-0.014451716581820586
6.780893991495134,1.8689690255806086,-8.227919439886518,-6.020829532861378,-16.95951054444697,-1.609841368179242
6.79958368175094,1.6993739201361389,-8.288127735215133,-6.03692794654317,-16.638666196823323,-2.9700202045804582
6.816577420952302,1.5329872581679056,-8.348497014680564,-6.066628148588975,-16.22394129841712,-4.051249115735097
6.831907293533981,1.3707478451837343,-8.409163296166454,-6.1071406397463255,-15.648820889657923,-4.800120001020777
6.845614771985819,1.214259636287155,-8.470234702563918,-6.155141839756533,-14.849775107865469,-5.161997375857241
6.8577573683486905,1.0657618852085002,-8.531786120961483,-6.206761813515105,-13.774862669109044,-5.093099373125228
6.868414987200776,0.9280132585174098,-8.593853739096634,-6.257692807246357,-12.394512709118736,-4.574979680611828
6.87769511978595,0.8040681314262225,-8.656430667169097,-6.303442604052476,-10.711984825382274,-3.628223225611361
6.885735801100212,0.6969482831723998,-8.719465093209623,-6.33972483630859,-8.769785458814352,-2.3206271942838903
6.892705283931936,0.6092504285842563,-8.78286234157271,-6.362931108251429,-6.64838378760575,-0.7653103428434552
6.898797788217778,0.5427665907081988,-8.846491652655224,-6.370584211679863,-4.455616619292116,0.8930723236883511
6.90422545412486,0.4982104245152776,-8.910197494772023,-6.36165348844298,-2.308720261961209,2.50123860402707
6.909207558370013,0.47512322189566547,-8.973814029656452,-6.336641102402709,-0.31417363948019694,3.9224779220477792
6.9139587905889694,0.4719814855008635,-9.03718044068048,-6.297416323182231,1.4485251493293958,5.056327106768596
6.918678605443978,0.48646673699415743,-9.100154603912301,-6.246853052114545,2.9349883690675322,5.847647877743068
6.92354327281392,0.5158166206848328,-9.162623134433447,-6.1883765733371146,4.135348423081538,6.284647424819097
6.928701439020768,0.5571701049156482,-9.22450690016682,-6.125530099088923,5.067334057741948,6.389158497935965
6.934273140069925,0.6078434454930677,-9.28576220115771,-6.061638514109563,5.76660502798172,6.203863202707057
6.940351574524855,0.6655094957728849,-9.346378586298805,-5.999599882082492,6.27743111950937,5.780337463213394
6.947006669482584,0.7282838069679786,-9.406374585119629,-5.941796507450358,6.645481020550379,5.170023647222104
6.9542895075522635,0.7947386171734824,-9.465792550194132,-5.8900962709781375,6.91321516806254,4.418610602141483
6.962236893723999,0.8638707688541077,-9.524693512903914,-5.845910164956723,7.117571082176281,3.563311062918975
6.97087560141254,0.9350464796758705,-9.583152614553482,-5.810277054327533,7.28930700262834,2.6321629318117807
6.9802260662092985,1.007939549702154,-9.641255385096757,-5.783955425009415,7.453365719156363,1.6445138960937478
6.9903054617063205,1.0824732068937175,-9.699094939346852,-5.767510286048477,7.629760569510213,0.6120497939547778
7.001130193775258,1.1587708125888196,-9.756770042207336,-5.7613897881089295,7.83465365198656,-0.4600494422376268
7.012717901901146,1.2371173491086853,-9.814383940088424,-5.765990282531305,8.081437467557862,-1.572061710996952
7.025089075392233,1.3179317237842638,-9.872043842913737,-5.781710899641275,8.381730370956241,-2.7288947805522947
7.0382683926300755,1.4017490274938262,-9.929860951910149,-5.808999847446798,8.746257215568201,-3.939516744344128
7.0522858829050135,1.4892115996495083,-9.987950950384617,-5.848395014890239,9.185618959815141,-5.216643538175757
7.067177998901508,1.5810677892476597,-10.04643490053352,-5.900561450271997,9.710967481911268,-6.576662318373643
7.082988676793985,1.6781774640667724,-10.10544051503624,-5.966328073455734,10.334599746278231,-8.03975712349351
7.099770451434653,1.7815234615295548,-10.165103795770797,-6.046725644690669,11.070469619865065,-9.630186757301363
7.1175856860499485,1.8922281577282054,-10.225571052217704,-6.143027512263683,11.934581122306188,-11.376630093427242
7.136507967627231,2.0115739689512675,-10.287001327340342,-6.256793813197955,12.945160094992923,-13.312438547914594
7.156623707316744,2.141025569901197,-10.34956926547232,-6.389918198677101,14.122373568561107,-15.475478362092705
7.178033963015755,2.282249305586808,-10.413468447459092,-6.544672982298028,15.487121302841832,-17.9069286512738
7.200856456071623,2.4371205186152265,-10.478915177282072,-6.723742268810766,17.05795508277267,-20.647776552836575
7.225227661257775,2.607700069442953,-10.54615259997018,-6.930220034339132,18.844292162553277,-23.730544013483918
7.251304661952204,2.7961429910684856,-10.615454800313572,-7.167525474473971,20.832446672673438,-27.161520745980212
7.2792660918628895,3.00446745779522,-10.687130055058311,-7.439140681933773,22.958143682813013,-30.884795268598204
7.309310766440841,3.23404889462335,-10.76152146187765,-7.747988634619754,25.05486321915895,-34.71326808137909
7.341651255387075,3.4845975268149396,-10.839001348223846,-8.095121315433545,26.763280594871937,-38.205804715297134
7.376497230655224,3.752230332763659,-10.919952561378182,-8.477179362586517,27.392693714744276,-40.476631525112396
7.414019533982861,4.026157269911102,-11.004724355004047,-8.88194567783764,25.771790568061743,-39.98594705837417
7.4542811066819725,4.283875175591719,-11.093543811782423,-9.281805148421382,20.27599465881803,-34.566608035922
7.497119858437889,4.4866351221799,-11.186361863266637,-9.627471228780601,9.470218055377233,-22.28981153203108
7.541986209659688,4.581337302733672,-11.282636575554443,-9.850369344100912,-6.311684370990649,-3.6125179721130096
7.587799582687025,4.518220459023766,-11.381140268995452,-9.886494523822043,-23.614128158004323,16.79686355732282
7.632981787277263,4.282079177443722,-11.480005214233673,-9.718525888248815,-37.41714219395317,32.22857259010309
7.6758025790517,3.9079077555041906,-11.577190473116161,-9.396240162347784,-44.99818383542436,39.192363679466105
7.7148816566067415,3.457925917149947,-11.671152874739638,-9.004316525553122,-47.20005517430611,39.033217356386345
7.749460915778241,2.985925365406886,-11.76119603999517,-8.61398435198926,-46.32991108042316,34.97779451013261
7.779320169432309,2.5226262546026543,-11.847335883515063,-8.264206406887933,-44.25530456927346,29.559244333600272
7.804546431978336,2.0800732089099196,-11.929977947583943,-7.96861396355193,-41.9969982051835,24.12157656940461
7.825347164067435,1.6601032268580846,-12.009664087219463,-7.727398197857884,-39.989182307375856,19.212262307052743
7.841948196336016,1.260211403784326,-12.086938069198041,-7.535275574787357,-38.36509539736589,14.984874314611885
7.85455031037386,0.8765604498106669,-12.162290824945915,-7.385426831641238,-37.12619403541673,11.431151965781051
7.863315914871967,0.5052985094564997,-12.236145093262326,-7.2711153119834275,-36.223695027165384,8.489984662863584
7.868368899966532,0.1430615591848458,-12.308856246382161,-7.186215465354792,-35.59383102655659,6.092844388753245
7.86979951555838,-0.21287675108072013,-12.38071840103571,-7.125287021467259,-35.1716972172571,4.180393699055705
7.867670748047574,-0.5645937232532912,-12.451971271250383,-7.083483084476702,-34.89590498521699,2.706917909031548
7.862024810815041,-0.913552773105461,-12.52280610209515,-7.056413905386386,-34.70958656575583,1.6399266187704948
7.852889283083986,-1.2606486387630194,-12.593370241149014,-7.040014639198682,-34.560173093110144,0.9580060956719111
7.840282796696355,-1.6062503696941208,-12.663770387541001,-7.030434578241962,-34.3989728969593,0.6481516283628485
7.8242202929994145,-1.9502400986637138,-12.734074733323421,-7.023953061958334,-34.18096107860349,0.7030369755527944
7.8047178920127775,-2.2920497094497487,-12.804314263943004,-7.016922692202806,-33.86491577106042,1.1183780309899076
7.78179739491828,-2.630698867160353,-12.874483490865032,-7.005738911892907,-33.413905713323686,1.8904509125782092
7.755490406246677,-2.96483792429359,-12.944540879983961,-6.9868344027671245,-32.79606396283335,3.013811762605199
7.725842027003742,-3.2927985639219233,-13.014409224011633,-6.9566962851410725,-31.985540264557077,4.479281796581393
7.6929140413645225,-3.612653966567494,-13.083976186863044,-6.911903467175258,-30.963499214342455,6.272279299777069
7.656787501698847,-3.9222889587109186,-13.153095221534796,-6.849180674177488,-29.719022179349924,8.371585890998421
7.617564612111738,-4.219479180504418,-13.221587028276572,-6.765464815267504,-28.249780102938075,10.748620772281665
7.575369820306694,-4.501976981533799,-13.289241676429247,-6.657978607544687,-26.562372508011954,13.367263803228232
7.530350050491356,-4.767600706613918,-13.355821462504695,-6.5243059695124055,-24.672271946291314,16.18422226263871
7.4826740434252175,-5.014323426076832,-13.421064522199819,-6.362463746886019,-22.60336496593223,19.149888137272573
7.432530809164449,-5.240357075736154,-13.48468915966868,-6.170964865513293,-20.3871293814997,22.209595579524212
7.380127238407088,-5.44422836955115,-13.546398808323813,-5.94886890971805,-18.061522212561023,25.305172211945134
7.325684954711576,-5.62484359167676,-13.605887497420994,-5.695817187598599,-15.66966587837244,28.376687008367437
7.269436518794809,-5.781540250460485,-13.66284566929698,-5.412050317514924,-13.258411600929515,31.36432638426506
7.211621116290204,-5.91412436646978,-13.716966172472128,-5.098407053672274,-10.87683547523264,34.210365600163634
7.1524798726255066,-6.022892721222107,-13.767950243008851,-4.756303397670638,-8.57469677736536,36.86122738880029
7.092250945413285,-6.10863968899576,-13.815513276985557,-4.387691123782635,-6.400873399224889,39.269619048717246
7.031164548523328,-6.172648422988009,-13.859390188223383,-3.9949949332954624,-4.401795370949877,41.396707133064794
6.969438064293447,-6.216666376697508,-13.899340137556338,-3.5810278619648144,-2.619925591473227,43.214232148421075
6.907271400526472,-6.24286563261224,-13.935150416175986,-3.1488855404806038,-1.092378836621825,44.70640359794938
6.84484274420035,-6.253789420978459,-13.966639271580792,-2.70182150450111,0.15018985396518406,45.87137441659497
6.782304849990566,-6.252287522438807,-13.993657486625803,-2.2431077603351603,1.0842758556574303,46.72209724008853
6.719781974766177,-6.241444763882233,-14.016088564229156,-1.775886787934275,1.693655021755964,47.28642488418059
6.657367527127355,-6.224508213664673,-14.033847432108498,-1.3030225390924692,1.968859983040668,47.60642750935725
6.595122444990708,-6.204819613834266,-14.046877657499422,-0.8269582639988967,1.9059810777083759,47.737035065743704
6.533074248852365,-6.185759803057182,-14.05514724013941,-0.34958791334145967,1.5048486716864498,47.74424124322933
6.471216650821794,-6.170711316340317,-14.058643119272825,0.12785449909083368,0.7667194982927522,47.703190423225564
6.409509537658391,-6.16304412135739,-14.057364574281916,0.6048864033230894,-0.30836876916165884,47.6964877312464
6.347879096444816,-6.166127809049007,-14.051315710248685,1.0818512806355534,-1.7243898614769353,47.813010642515245
6.286217818354326,-6.183371707663776,-14.04049719744233,1.5599813870607058,-3.4920585662422576,48.14734522424661
6.224384101277688,-6.218292293326198,-14.024897383571723,2.0414548393031717,-5.63120230777413,48.799681644336886
6.162201178344426,-6.27460431640394,-14.004482835178692,2.5294516557465405,-8.172219401006819,49.87546710725664
6.099455135180387,-6.356326510414008,-13.979188318621226,3.028206326819107,-11.155405808287343,51.48304341457146
6.035891870076247,-6.467880568496882,-13.948906255353036,3.5430367609648217,-14.625387270837132,53.725239406655675
5.971213064391278,-6.614134441205253,-13.913475887743388,4.0802891550313785,-18.614465415843974,56.67604924615121
5.905071719979225,-6.800279095363693,-13.872672996193074,4.64704964749289,-23.101401184182176,60.32334034744047
5.837068929025588,-7.0312931072055145,-13.826202499718146,5.250283050967295,-27.917804606955436,64.43850270605274
5.766755997953533,-7.310471153275069,-13.773699669208474,5.894668078027823,-32.550977321021136,68.30144344456052
5.693651286420782,-7.6359809264852805,-13.714752988428195,6.5776825124734275,-35.77640539171338,70.18780678122442
5.61729147715593,-7.993744980402415,-13.64897616330346,7.279560580285672,-35.14763244038315,66.65893658320044
5.537354027351905,-8.345221304806246,-13.576180557500605,7.946149946117677,-26.8961729427829,52.433855462585214
5.453901814303843,-8.614183034234076,-13.496719058039428,8.470488500743528,-7.970179534995544,23.27410488557477
5.367759983961502,-8.69388482958403,-13.412014173031993,8.703229549599275,18.670756263823748,-16.561094458388705
5.280821135665661,-8.507177266945794,-13.324981877536,8.537618605015387,42.06754943218954,-51.54916336870157
5.195749362996203,-8.0865017726239,-13.239605691485847,8.022126971328372,53.14476220030657,-68.85763573600508
5.114884345269964,-7.555054150620833,-13.159384421772563,7.333550613968321,53.05154407083991,-70.0905196995342
5.039333803763755,-7.024538709912434,-13.08604891563288,6.632645416972979,47.639017786950866,-63.508498033000635
4.969088416664631,-6.548148532042926,-13.01972246146315,5.9975604366429724,41.03557744544084,-54.973550988603016
4.903606931344202,-6.137792757588517,-12.95974685709672,5.447824926756942,34.95089351694211,-46.948065428942186
4.842229003768317,-5.788283822419096,-12.90526860782915,4.97834427246752,29.832867078110546,-40.10976292367608
4.784346165544126,-5.489955151637991,-12.855485165104476,4.57724664323076,25.663195919363858,-34.46837062699869
4.729446614027746,-5.233323192444352,-12.809712698672168,4.232562936960773,22.2957461154924,-29.843483320197187
4.677113382103303,-5.010365731289428,-12.767387069302561,3.934128103758801,19.57399088237619,-26.03240892243875
4.627009724790409,-4.814625822465667,-12.728045788264973,3.6738040145344133,17.36427467689785,-22.85920165109495
4.578863466565752,-4.640983075696688,-12.691307748119629,3.445211998023464,15.560622340501252,-20.183089564453077
4.5324536358087855,-4.485376852291676,-12.656855628139393,3.243381102378933,14.081235381511249,-17.894735344185694
4.487599867285868,-4.344564498476563,-12.624421817115604,3.064433748937076,12.863440456491507,-15.909986634937619
4.444154222301103,-4.215930093911648,-12.593777479626233,2.9053338825877,11.859122267458059,-14.164088222923594
4.401994921361987,-4.097338871237068,-12.564724140800356,2.763693000358464,11.031076584979527,-12.607050254723925
4.361021532649616,-3.9870281053872727,-12.537087210796772,2.6376224978112246,10.350226226016952,-11.200147852798473
4.321151251595743,-3.8835258431271034,-12.51071098581866,2.52562101928324,9.79352579542458,-9.913344730094536
4.282315993164472,-3.7855905851728577,-12.485454775625827,2.4264875719822947,9.342383115135458,-8.723423574975255
4.244460087312744,-3.6921667540215033,-12.461189899906005,2.339253336232542,8.981458147398122,-7.612642657384444
4.207538419772529,-3.6023521725475223,-12.437797366543679,2.2631269096586974,8.697735322832234,-6.567779476278601
4.171514898047054,-3.5153748193192,-12.415166097447091,2.197449114895911,8.479794833442645,-5.579456293785198
4.136361149853862,-3.4305768709847735,-12.393191606298132,2.141654551958059,8.317231858220364,-4.641667103090764
4.102055381144014,-3.34740455240257,-12.371775060778551,2.0952378809271517,8.200190994696635,-3.751442028694677
4.068581335619989,-3.2654026424556037,-12.35082268196928,2.057723460640205,8.1189977264333,-2.9085951431957975
4.035927309195433,-3.1842126651912706,-12.330245447362879,2.028637509208247,8.06388056229375,-2.1155070498062125
4.00408518254352,-3.103573859568333,-12.309959072270797,2.0074824387101846,8.024787001840135,-1.3768961825763963
3.9730494439478363,-3.0233259895499316,-12.289884247883695,1.9937134768844207,7.991303587697411,-0.6995346125379368
3.942816184052337,-2.9434129536729574,-12.269947113114851,1.9867181307590414,7.952694304029577,-0.09186745469717589
3.9133820545156075,-2.863886010632662,-12.25007993180726,1.9857994562120695,7.898071318575036,0.43649781804640053
3.884743194409281,-2.7849052974469113,-12.230221937245139,1.9901644343925335,7.816706217651583,0.8754524023020718
3.856894141434812,-2.7067382352703953,-12.210320292901214,1.9989189584155542,7.69847745131467,1.2151964994937359
3.829826759082108,-2.6297534607572484,-12.190331103317058,2.0110709234104918,7.5344307336400265,1.447168849362766
3.8035292244745356,-2.554409153420848,-12.170220394082953,2.0255426119041195,7.317405494473899,1.5650311465255426
3.777985132940327,-2.4812350984761093,-12.149964967963912,2.041192923369375,7.042656356046575,1.565609575640744
3.753172781955566,-2.4108085349156436,-12.129553038730219,2.0568490191257824,6.708380365568016,1.4496717187139387
3.729064696606409,-2.3437247312599636,-12.108984548538961,2.0713457363129217,6.316055592334568,1.2224122440147793
3.7056274492938095,-2.280564175336618,-12.088271091175832,2.0835698587530693,5.8705104661942915,0.8935424298901509
3.6828218075404435,-2.2218590706746753,-12.067435392588301,2.092505283051971,5.3796774083336105,0.4769279838185968
3.660603216833697,-2.168062296591339,-12.04651033975778,2.097274562890157,4.854034171254304,-0.010210509121449631
3.6389225938677834,-2.119521954878796,-12.02553759412888,2.0971724577989423,4.30579109839103,-0.5484451725846304
3.6177273743189953,-2.0764640438948856,-12.00456586955089,2.0916880060730962,3.747928316062856,-1.117486169534062
3.5969627338800465,-2.038984760734257,-11.983648989490158,2.080513144377756,3.193211377772501,-1.6975439863676893
3.5765728862727038,-2.007052646956532,-11.96284385804638,2.063537704514079,2.653310981539709,-2.270535366259923
3.5565023598031384,-1.980519537141135,-11.94220848100124,2.0408323508514794,2.1381243255013556,-2.821001065140749
3.536697164431727,-1.9591382938861215,-11.921800157492726,2.012622340200072,1.655351807646395,-3.3366656075091834
3.517105781492866,-1.9425847758096575,-11.901673934090725,1.9792556841249802,1.2103356513283188,-3.8086343623583403
3.4976799337347693,-1.9304814192963744,-11.881881377249476,1.9411693405013968,0.8061278317593438,-4.231276438308958
3.4783751195418056,-1.922420140978781,-11.862469683844463,1.8988565761183072,0.44373005539546073,-4.601874446505663
3.4591509181320177,-1.9179828404248263,-11.843481118083279,1.8528378316532506,0.12243982233782828,-4.920132791540874
3.4399710897277695,-1.9167584422014479,-11.824952739766747,1.803636503737842,-0.159759070632284,-5.187629099966772
3.4208035053057553,-1.9183560329077707,-11.806916374729369,1.7517602127381742,-0.40581075887225004,-5.407275581635616
3.4016199449766775,-1.9224141404964932,-11.789398772601986,1.697687456921818,-0.6192398070108369,-5.582835367651492
3.3823958035717125,-1.9286065385666016,-11.772421898032768,1.6418591032453032,-0.8038605090879789,-5.718518294569433
3.3631097381860466,-1.9366451436574814,-11.756003307000315,1.5846739202996087,-0.9635493662088562,-5.81866410640007
3.3437432867494716,-1.94628063731957,-11.74015656779732,1.5264872792356081,-1.1020785866815568,-5.8875095932486055
3.324280480376276,-1.9573014231863857,-11.724891695004963,1.4676121833031222,-1.2230033721070612,-5.929029450730693
3.304707466144412,-1.9695314569074562,-11.710215573171933,1.4083218887958153,-1.3295934336814674,-5.946837647457579
3.2850121515753377,-1.9828273912442709,-11.696132354283975,1.3488535123212395,-1.424798796269709,-5.944135679437907
3.2651838776628948,-1.997075379206968,-11.682643819160763,1.2894121555268605,-1.5112407361936937,-5.9236952370915095
3.2452131238708253,-2.012187786568905,-11.669749697605495,1.2301752031559454,-1.5912200729705004,-5.887864717942191
3.225091246005136,-2.02809998729861,-11.657447945573935,1.1712965559765236,-1.66673659080294,-5.838591145549705
3.20481024613215,-2.0447673532066393,-11.64573498001417,1.1129106445210266,-1.7395148570477157,-5.777451078745998
3.1843625726000835,-2.0621625017771166,-11.63460587356896,1.0551361337335665,-1.811033005920992,-5.705685850804831
3.1637409475823124,-2.0802728318363264,-11.624054512231623,0.9980792752255182,-1.8825521198384936,-5.624237907947999
3.1429382192639492,-2.0990983530347114,-11.614073719479368,0.9418368961460382,-1.9551446692632322,-5.53378612556086
3.121947235733602,-2.118649799727344,-11.604655350517907,0.8864990348904296,-2.0297210907423424,-5.434778805699268
3.1007607377363287,-2.138947010634767,-11.595790360169003,0.8321512468334369,-2.1070540277656193,-5.327463650211744
3.079371267629981,-2.1600175509124235,-11.587468847700668,0.7788766103313195,-2.1878000670093045,-5.21191441008561
3.0577710921208565,-2.1818955515825165,-11.579680081597354,0.7267574662304634,-2.2725190067610876,-5.088054178314609
3.0359521366050313,-2.2046207416501273,-11.57241250693505,0.6758769244473174,-2.3616908228017803,-4.95567545806326
3.01390592918853,-2.228237649878145,-11.565653737690576,0.6263201698666848,-2.4557305720080818,-4.814457229780823
2.9916235526897483,-2.252794955598226,-11.55939053599191,0.5781755975688766,-2.5550015125004215,-4.663979282748245
2.969095603133766,-2.2783449707232304,-11.553608780016221,0.5315358047413942,-2.659826733965697,-4.503734084950497
2.9463121534265335,-2.3049432380628874,-11.548293421968808,0.4864984638918892,-2.7704995920040303,-4.33313645204326
2.9232627210459046,-2.3326482339829275,-11.543428437329888,0.4431670993714566,-2.8872932324544873,-4.151531249773399
2.899936238706075,-2.3615211663074724,-11.538996766336174,0.4016517868737226,-3.010469480114256,-3.9581993300359164
2.8763210270430006,-2.391625861108615,-11.534980248467438,0.36206979357336344,-3.140287354096941,-3.7523618623358077
2.8524047684319145,-2.4230287346495842,-11.531359550531704,0.3245461749500054,-3.277011461275387,-3.5331831818749264
2.828174481085419,-2.455798849262338,-11.528114088782203,0.2892143431312561,-3.4209205111259386,-3.2997722339144104
2.8036164925927953,-2.490008054373597,-11.525221945350891,0.256216620792112,-3.5723161906769354,-3.051182651904723
2.7787164120490595,-2.5257312162803665,-11.52265977914297,0.22570479427306475,-3.7315326377181552,-2.7864114641278466
2.753459099886256,-2.563046542657548,-11.520402731200239,0.19784067963178628,-3.8989467543240655,-2.5043963800032407
2.7278286344596805,-2.6020360102007887,-11.51842432440392,0.17279671583175388,-4.074989611345738,-2.204011562424318
2.701808274357673,-2.6427859063142463,-11.516696357245603,0.1507566002075107,-4.260159208007458,-1.8840617462212812
2.6753804152945304,-2.685387498394321,-11.515188791243528,0.13191598274529787,-4.45503486916491,-1.5432745150331089
2.6485265403105873,-2.72993784708597,-11.513869631416075,0.11648323759496677,-4.660293586005337,-1.1802904999301547
2.6212271618397276,-2.7765407829460234,-11.512704799040124,0.10468033259566523,-4.876728633492052,-0.7936512142911059
2.5934617540102676,-2.825308069280944,-11.511657995714167,0.09674382045275416,-5.105270828506691,-0.38178419328923163
2.565208673317458,-2.8763607775660107,-11.510690557509639,0.09292597851986184,-5.3470128240831345,0.05701493234838229
